developer,sur_trafic,sur_school,sur_environment,sur_business,sur_entertain,peoperty_fee,property_company,id
珠海世茂新领域房地产开发有限公司,一，形成1桥2通道3口岸3港口5机场的人流变现环。其中2通道为深中通道与深珠通道，目前深中通道已经建设当中，预计2024年即可通车。深珠通道东起深圳前海，西至珠海淇澳岛，横跨伶仃洋。目前该通道正在规划当中。前海段以西丽站为主要枢纽的规划已在推进当中二，项目内部约1万平方米 7.5 米层高。地上设有公共交通枢纽中心，同步在申请增设湾区 5 大机场候机大厅，项目地下负一层与整个口岸社会车辆停车场相,,从整个岛的控规来看，近 200 万平方米的全岛上，除了三地联检大楼、岛内绿地跟停车区域、公建之外，唯一能够进行开发建设并可对外出售的仅有世茂港珠澳口岸城项目。接驳港珠澳大桥，与世界最大口岸相连接，紧密连接两岸三地,"10 万方商业：为阶梯式 5 层的购物中心，将世茂集团商业战略合作的资源引进到，比如进驻到上海世茂广场的知名商家，同时更以港澳居民日常衣食住行相关的主流品牌定向招商，打造一个犹如置身港澳的 24小时不夜城.五星品牌酒店：项目将引进5家品牌酒店，目前初步确定的为凡象酒店、茂御酒店、茂御居、睿选等,也同步在跟国际奢华酒店接洽当中。  意向引进像洲际同等品牌的全球五星级酒店，以港澳人比较熟知的文华东",世界级滨海公园：项目滨海景观轴为新月形状的映月公园，映月公园作为景观主轴，依次规划有逐浪栈道、海上剧场、极光喷泉、游艇码  头、望海眺台等。,6.0元/㎡,世茂商娱物业,2040
珠海市耀君房地产开发有限公司,1、三横两纵多维路交通网络（三横：梅华路、人??路、九洲大道；两纵：情侣路、迎宾南路），逾20条公交线路，通往珠海各个方向。2、3分钟?程到达拱北口岸，10分钟通关瞬达澳?。3、广珠轻轨一期工程珠海站至横琴口岸现已在运行当中，横琴口岸是唯一24小时通关口岸，未来更是可以40分钟到达珠海金湾机场。4、至珠海站也仅需3分钟?程，经1小时承接广州2小时承接深圳，15分钟直上广澳高速，进而畅达,北岭小学、省一级初中国家级绿色学校拱北中学,5-10分钟步行到达珠海首个开放式商业街区富华里、拱北首个网红主题购物公园玖洲道以及购物中心摩尔广场， 超百余国际品牌入驻，5分钟?程到达华发商都、吉大等商圈，购物、休闲、娱乐、餐饮等业态一应俱全。,1、商业配套：5-10分钟步行到达珠海首个开放式商业街区富华里、拱北首个网红主题购物公园玖洲道以及购物中心摩尔广场， 超百余国际品牌入驻，5分钟?程到达华发商都、吉大等商圈，购物、休闲、娱乐、餐饮等业态一应俱全。,项目北眺板樟山森林公园，绿化森林植被覆盖率高达80%，适合健步、锻炼及观光旅行。距国家4A级景区圆明新园只有一路之隔，是南中国唯一按1:1比例完美复刻的皇家园林。梦幻水城、珠海古玩城、珠海市文化馆等多个4A级旅游景区近在咫尺， 创造旅游机会客群，大大带动片区经济发展，升值潜力巨大。,6.0元/㎡,广东光集团物业管理有限公司（一级资质,2096
珠海市美盈投资管理有限公司,项目直达拱北口岸、广珠轻轨前山站、终点站及港珠澳大桥出入口，项目属于轻轨及港珠澳大桥双重价值叠加物业,侨光小学、夏湾小学、十六小、十一中、夏湾中学,前山河边、市政公园，世纪城、红树湾等高端住宅小区,珠澳湾世纪中心，卓凡中心，宝莱康，拱北口岸关口/华润万家/明珠商业广场，天虹商场，富华里/摩尔广场/免税商场/国贸/珠海百货/华发商都,圆明新园，炮台山公园，铂尔曼酒店，来魅力假日酒店，项目自带商业，餐饮，购物，健身房，万枫酒店，比高电影院等,8.0元/㎡,华发物业,1276
仁恒置业,情侣南路  拱北口岸总站2路4 路 9路  99 路 观光线  拱北口岸,夏湾小学、夏湾中学、珠海一中附属实验中学、拱北小学、拱北中学、北岭小学,拱北口岸核心资产，零距离珠澳双城生活圈，周边商圈环伺，交通便利，星级酒店林立，国宾级会客厅、商务会馆、等资源随时共享。,拱北口岸商场，华润万家大型超市，沃尔玛超市，米兰百货,铂金洲仔酒店  来魅力。酒店：益健、新海利、棕泉、来魅力、东方印象、帝澜思、昌安等。,7.0元/㎡,仁恒物业,1246
凤凰泰富,"4路, 9路, 13路, 36路 99路公交车在粤海东站",拱北小学、拱北中学,"凤凰谷项目南侧为联安路，东连水湾路及情侣南路，西接迎宾南路。可乘坐4路, 9路, 13路, 36路 99路公交车在粤海东站、日华花园站、银都站、银海新村站下车 。",万佳百货、米兰百货、免税商场、莲花路商业步行街,酒吧街、皇家台球俱乐部、粤海保龄球馆,6.0元/㎡,深圳彩生活,55
珠海正邦房地产开发有限公司,1、2、10、11、13、21、32、33、35、62路公交车及观光巴士至北岭巴士站下车； 1路、2路、10路、10路、11路、32路、33路、35路、62路,爱儿国际幼儿园，领秀城大地国际幼儿园，北岭小学，拱北中学。,沃尔玛商场，来魅力酒店，汉庭酒店，7天酒店，圆明新园，梦幻水城，拱北口岸，拱北地下商场。,迎宾广场，华润万家，口岸广场，莲花路万景城，MO商场，沃尔玛,星级酒店：银都酒店、粤海酒店、金都酒店、香江酒店，益健美食城,3.0元/㎡,深圳市金阳城物业管理,1474
恒信国际光学实业有限公司,兰埔（富华里）公交站：1、14、25、30、60、202、605、609、826-2、826-6、992、B2、B7、B8、K6、K7、K9桂花北路公交站：13、21、30 路,北岭小学、省一级初中国家级绿色学校拱北中学,珠海中海诺富特酒店	白石路汉庭酒店	九洲大道明和商业区广场维也纳三好酒店，工商银行	兰埔白石路 2192-2194 号，农业银行	拱北迎宾南路 2062 号，前山粤海西华润银行	兰埔桂花北路 134 号建设银行	兰埔九州大道西 2108 号 1 栋1-3 号商铺,九洲商贸中心	富华里及兰埔片区，拱北商圈	拱北口岸，吉大商圈	九洲城，银石雅园净菜市场，	九洲大道明和商业区广场，兰埔市场	九洲大道，夏湾市场	夏湾，前山市场	前山明和超市	九洲大道明和商业区广场，得一超市	兰埔/前山，华润万家	前山嘉荣超市	富华里,板樟山森林公园，绿化森林植被覆盖率高达80%，适合健步、锻炼及观光旅行。距国家4A级景区圆明新园只有一路之隔，是南中国唯一按1:1比例完美复刻的皇家园林。梦幻水城、珠海古玩城、珠海市文化馆等多个4A级旅游景区近在咫尺， 创造旅游机会客群，大大带动片区经济发展，升值潜力巨大。,7.0元/㎡,广州天力物业发展有限公司,2095
珠海中铁诺德投资有限公司,供水总公司站：8路，21路，31路，34路等。银石雅园站：1路，14路，25路，30路等,蓝天奥福幼儿园  、兰埔育美幼儿园 、白石幼儿园、香洲区第十六小 、学香洲区第十一中学、桂花中学 ,市中心黄金地段，配套齐全，交通便利，周边市场，学校，医院，银行等一应俱全,旁边就是24万平方米的城市综合体--富华里！周围超市有：有得一超市，华润万家超市，明和超市。,华富里大型综合体，板障山公园，圆明新园，梦幻水城等,3.2元/㎡,中铁诺德物业管理有限公司,25
珠海利腾投资有限公司,k7 k5 k9 b2 b9 826-2 826-5,拱北中学	北岭小学,中铁诺德国际、玖洲道、国维中央广场、江山赋,富华里、摩尔广场、品汇、中安世纪广场,新海利、昌安假日、来魅力,3.0元/㎡,利腾管理有限公司,1460
珠海市兰埔股份合作公司,小区外面就是九洲大道，是珠海为数不多的主干道之一，多条巴士线路经过。圆明新园：13-1-25-30-40-60-62-69-991-992等。兰埔站：30-60-992-K9等。,"金钟小学、北岭小学、前山小学、前山中学、拱北中学、第十一中学,第十六中。",市中心黄金地段，配套齐全，交通便利，周边市场、学校、医院、银行等一应俱全。,小区自带4.4万平方商业综合体、对面有富华里、诚丰广场（天虹商场）、摩尔广场（沃尔玛）,富华里、圆明新园、板障山、梦幻水城、白莲洞公园等。,3.0元/㎡,仁河酒店管理有限公司,1140
珠海市兴东房地产开发有限公司,60、69、9路（国土资源局）12、202、21、22、25、2A、2、40、603、605、992、9、K3、K7（到中电大厦）,吉大小学、吉莲小学，四中,白莲洞公园、石景山公园、海滨公园、九州城百货、国贸、各企业总部,九州城百货、国贸, 紫莲素食店，小味屋，珞珈咖啡馆，IN CAFE小米咖啡，心艺咖啡(吉大店)，六月一号咖啡屋,3.0元/㎡,金地物业,1288
珠海富铿房地产有限公司,项目紧邻港珠澳大桥，快速通达澳门、香港。毗邻城轨珠海站，转瞬即达中山、广州、佛山等城市，广澳高速、广珠西线高速通达珠三角半小时生活圈。全球通大厦(公交站)2：3路、12路、23路、25路、99路、L1路,海湾小学、九洲小学、华发艺术中心、实验中学、九洲中学、育才幼儿园、南山幼儿园, 吉大是珠海名副其实的富人区，亦是珠海的商贸、旅游和金融中心，项目坐落在市区仅有的南向2公里一线黄金海岸上，北瞰九洲港和吉大C B D，西临将军山和拱北口岸，南向隔海眺望澳门半岛与港珠澳大桥。充分利用项目得天独厚的景观资源优势，设计师综合运用地势、朝向、落差、抬高等手法，呈现出一线海景高使用率大平层豪宅。,珠海免税商场、“城市之心”城市综合体、拱北莲花路商业街、万佳百货、迎宾广场、青蓝食街、华景商业街、酒吧街，金碧时代广场、华润万家商场、百货商场、海天城购物广场等；万富泉,石景山公园、海滨公园、白莲洞公园、海滨泳场、大森林公园，迪克酒店、珠海电台、喜相逢娱乐城、柒玖捌KTV、风雅树咖啡厅、新华书店等。,5.0元/㎡,万科物业,2146
曦华,全球通大厦(公交站)2：3路、12路、23路、25路、99路、L1路,海湾小学、九洲中学,九洲港，海滨公园，海滨游场，渔女，港珠澳口岸，拱北关口。,金碧时代广场、华润万家商场、百货商场、免税商场、海天城购物广场等；万富泉,金碧时代广场、华润万家商场、百货商场、免税商场、国贸购物广场；迪克酒店、珠海电台、喜相逢娱乐城、柒玖捌KTV、风雅树咖啡厅、新华书店等,5.5元/㎡,珠海曦华物业有限公司,2147
诚丰集团,3路、4路、12路、23路，到海滨南站；40路、20路、60路，到吉大总站,实验中学 九洲小学,黄金地段 近海边和公园,金碧时代广场、华润万家商场、百货商场、免税商场、海天城购物广场等；,凯迪克酒店、珠海电台、喜相逢娱乐城、柒玖捌KTV、风雅树咖啡厅、新华书店等,2.8元/㎡,诚丰物业,1309
珠海财富贸易有限公司,项目经情侣南路快速到达港珠澳大桥，畅达广珠轻轨站，通达九州港码头，半小时经深中通道，直抵深圳，形成粤港澳生活圈。,教育配套：九洲小学、吉莲小学、景园小学、吉大小学、东方幼儿园、珠海第四中学、珠海市九州中学、珠海市技师学院,周边超过20家银行总部（中农工建交等），约458家金融企业、保险公司，证券机构等。多家名企总部都在项目附近。步行可至多家政务机构。周边星级酒店林立，国宾级会客厅、商务会馆、顶楼停机坪等资源随时共享。,免税商场/国贸/珠海百货/富华里/摩尔广场等型购物天堂，多重商圈交叉覆盖核心,酒店配套：星城酒店、假日酒店、新恒安酒店、中天酒店,4.9元/㎡,珠海市万科物业服务有限公司,71
珠海市泰轩房地产开发有限公司,乘坐20路，21路，23路，43路公交在中医院站下车 。,景园小学、实验中学,九洲城商业中心,九洲城商业中心,海滨泳场、海滨花园等,3.8/㎡,光大酒店管理公司,1308
澳门恒和企业集团,2路、12路、22路、40路、992等。,教育配套：九洲小学、吉莲小学、景园小学、吉大小学、东方幼儿园、珠海第四中学、珠海市九州中学、珠海市技师学院,生活娱乐配套：白莲洞公园、海滨公园、石景山公园、城市之心广场、环球时代影城；医院配套：珠海市中医院、珠海九龙医院等医疗资源分布四周,商业配套：富华里，沃尔玛，摩尔广场，珠海百货、免税商场，九州城，拱北关口口岸,酒店配套：星城酒店、假日酒店、新恒安酒店、中天酒店,6.0/㎡,第一太平洋戴维斯,73
銘泰集团,1，32，10，K11，K4，993路，香洲总站。桃园新村巴士站605，602，609，5.10.。,三中学校、四小学校,茂业百货，通大百货，香山公园，大镜山，紫荆公园，珠海体育中心,茂业百货，通大百货，麦当劳，星巴克等知名品牌，自己本身自带商业综合体。,麦当劳，星巴克等知名品牌，茂业百货，通大百货。华发健身广场。,4.5元/㎡,銘泰物业（世邦魏理仕）,1329
世纪都市,公交路线：3路、3A、10路、10A、7路、68路、69路至美丽湾站；17路、32路至神前总站,教育：凤凰海域国际幼儿园、香洲区十八小、珠海市第七中学、珠海市第三中学等全龄教育，给孩子成长提供优质的成长空间；教育：凤凰海域国际幼儿园、香洲区十八小、珠海市第七中学、珠海市第三中学等全龄教育，给孩子成长提供优质的成长空间；教育：凤凰海域国际幼儿园、香洲区十八小、珠海市第七中学、珠海市第三中学等全龄教育，给孩子成长提供优质的成长空间；,凤凰公馆位于香洲区，香洲区属于南海之滨、珠江口西岸，隔海东望香港，南面陆路接壤澳门，背倚经济发达的珠江三角洲腹地，是广东省珠海市中心城区，也是珠海市政治、经济、文化、交通和金融中心。从本项目出发约10分钟到达扬名广场商圈，畅享日月贝歌剧院、野狸岛、扬名广场等生活体验，以及香洲港码头，可乘船领略珠海各大岛屿风光。,商业：小区楼下200米即有美丽湾市场，可满足日常吃喝玩乐的生活需求，出门10分钟速达扬名广场、茂业百货、丹田城市广场及其他休闲设施于一体的商业综合体；,总投资超过13亿中国唯一建在海岛上的歌剧院日月贝歌剧院、投资10亿的珠海博物馆、展览馆、艺术中心等等这些市政重大项目，从项目出发5分钟内触手可得；休闲：顶级品牌酒店——悦椿度假酒店、天然氧吧——凤凰山森林公园、珠海新象征——凤凰塔，另有凤凰湾，情侣路，美丽湾驿站，海天驿站，海天公园等，都是您跟家人日常放松、亲近感情的好去处。,0.0元/㎡,珠海都市物业管理有限公司,2055
珠海景泽房产公司,美丽湾   神前总站17路.32路.3路.3A路.10路.10A路.68路.69路,珠海三中  七中，凤凰海域国际幼儿园，第十八小学。,海天公园  凤凰山  日月贝，凤凰北文华图书馆，日月贝  海心公园华润万家  扬名广场，日月贝  凤凰北商圈,华润万家  扬名广场，日月贝  凤凰北商圈,海天公园  凤凰山  日月贝，凤凰北文华图书馆，日月贝  海心公园,6.0元/㎡,金地物业,1339
珠海扬名房产开发有限公司,香洲客运总站，九洲港客运站，九洲港码头,香洲一小，三小，五小，二中，七中，紫荆中学,主城区核心产权代表作，十年商业运营，纳揽周边超30万常住人口，商业辐射香洲没，唐家，柠溪等区域,香洲百货购物城，茂业百货，怡华商业中心，尚都百货,日月贝歌剧院，珠海渔女，情侣路海滨浴场，海滨公园，石景山公园,0.0元/㎡,商赢物业管理有限公司,2272
弘泰,4.8.9.12.13.14.20.43路,,休闲设施的精心安排，提供自然、舒适的居住环境。社区主流健康向上，社区风气良好，邻里关系和谐。,323超级平价超市、香洲百货、吉之岛购物广场,,2.8元/㎡,弘泰物业,119
:广东家和置地投资有限公司,小区门口公交站：3  3A  10  10A  17 18 32  68  ，有轨电车,十八小学、七中、三中。,日月贝歌剧院、凤凰湾沙滩、珠海博物馆、悦椿酒店、扬名广场、茂业百货、华润万家、海韵城。十八小学、七中、三中、人民医院、中大五院。海天驿站、里神前市场。,扬名广场、茂业百货、华润万家。,悦春渡假酒店，日月贝歌剧院、凤凰湾沙滩、珠海博物馆、悦椿酒店、扬名广场、茂业百货、华润万家、海韵城。,5.0元/㎡,广东家和置地物业服务有限公司,1307
珠海市碧海山景房地产开发有限公司,3路，10路，66路，3A，68路。,十八小学、七中、三中。,日月贝歌剧院、凤凰湾沙滩、珠海博物馆、悦椿酒店、扬名广场、茂业百货、华润万家、海韵城。十八小学、七中、三中、人民医院、中大五院。海天驿站、里神前市场。,扬名广场、茂业百货、华润万家。,日月贝歌剧院、凤凰湾沙滩、珠海博物馆、悦椿酒店、扬名广场、茂业百货、华润万家、海韵城。,3.0元/㎡,同裕物业,1141
珠海经济特区明星大厦有限公司,3路、3A路、7路、10路、32路、68路、69路公车,市七中  珠海市十八小,教育配套：中山大学珠海分校、北师大珠海分校、珠海市第三中学(省一级职业高中)、珠海市第七中学(省一级学校)、香洲二小海前校区(香洲区一级学校)、香洲区十八小、幼儿园。 医疗配套：中山大学附属第五医院。,尚都百货、香洲百货、扬民广场、吉之岛超市、电脑城。,契爷岭海滨公园  音乐学院  野狸岛,4.1元/㎡,深圳历思联行物业管理有限公司,1304
珠海经济特区南兴开发公司,公交路线：3路、3A、10路、10A、7路、68路、69路至美丽湾站；17路、32路至神前总站,香洲第十八小学、珠海三中  七中,紧邻凤凰山脉，依山傍水，音乐贝等大型配套。,华润万家、尚都百货、扬名广场,会所、游泳池、网球场、棋牌室、书吧、健身房、康乐休闲设施,0.0元/㎡,中海物业,1267
珠海优特房地产开发有限公司,1，32，10，K11，K4，993路，香洲总站，桃园新村巴士站605，602，609，5.10,香华小学，文园中学,茂业百货，通大百货，香山公园，大镜山，紫荆公园，珠海体育中心,茂业百货，通大百货，麦当劳，星巴克等知名品牌，自带13.8万平米商业综合体。,麦当劳，星巴克等知名品牌，茂业百货，通大百货，华发健身广场。,3.0元/㎡,优特物业,1472
珠海市国鼎集团有限公司,乘坐3路、10路、17路、32路、68路、69路公交车，在美丽湾巴士站下车,神前小学 七中  小区自带双语幼儿园,凤凰海域幼儿园、珠海市第18小学、珠海市第7中学，富丽华假日酒店、颐和堂药店、嘉宝华药店、好百家超市、美丽湾市场、品海轩餐厅、凤凰山庄餐厅、交通银行ATM机（全部在小区周边）医院：中大医院第五附属医院银行：农行、建行、工行,尚都百货  香洲百货 吉之岛超市,食神、叠石酒家、聚龙酒店、高尔夫球场、野狸岛,2.5元/㎡,世邦魏理仕,2077
珠海市中广房产开发有限公司,公交路线：3路、3A、10路、10A、7路、68路、69路至美丽湾站；17路、32路至神前总站,凤凰海域国际幼儿园、香洲区第十八小学、珠海市第七中学、珠海市第三中学,紧邻凤凰山脉，依山傍水，音乐贝等大型配套。,华润万家、尚都百货、扬名广场,会所、游泳池、网球场、棋牌室、书吧、健身房、康乐休闲设施,3.0元/㎡,珠海恒荣物业管理有限公司,2037
,,,,,,,,1264
珠海市粤恒信房地产开发有限公司,2路、6路、8路、26；路、605路等，到邮政大厦站,幼儿园：金路艺术幼儿园；中小学：香洲区第一小学、香洲区第四小学、珠海第七中学、珠海紫荆中学,商场学校市场银行应有尽有的生活圈,丹田广场、香洲百货、吉之岛购物广场、百分百超市、明和百货等,野狸岛海岛歌剧院，香洲游艇码头、海边情侣中路、海滨公园、石景山公园、海滨浴场、珠海渔女、香炉湾 珠海大会堂,0.9/㎡,广粤物业,1263
珠海一方置地有限公司,16、17、26、99、992、999、b5、b6、有轨电车1号线,比邻珠海第一高级中学、凤凰小学、凤凰中学等多所重 点中小学,明珠轻轨站、金琴快线、兴业快线、有轨电车1号线，有上冲医院，博雅医院、珠海口腔医院等,自带商业综合体，印象城（山姆会员店）、奥园商业广场、万科里商业街、佐阾购物中心（在建） 等大型高端商业环伺,梅溪牌坊、农科奇观所、香山湖公园,5.5元/㎡,保利物业,2072
正兴隆房地产珠海有限公司,明珠轻轨站、有轨电车总站、上冲客运总站、明珠巴士站仅公交路线：42、43、55、931、B6、B7、B8,棕榈假日幼儿园  长沙幼儿园 同乐幼儿园 云峰幼儿园,明珠轻轨站、有轨电车总站、上冲客运总站、明珠巴士站,印象城、奥园广场、诚丰广场、万科里商业街、明珠商业广场、二城商业广场、新香洲华润万家等,上冲社区公园、翠景社区公园、石溪公园、农科奇观、珠海市体育中心等（另小区自带1.7万平米商业 ）,2.8元/㎡,绿景物业,1332
珠海悦发置业有限公司,坐城轨明珠站，距离项目1.5千米；广；有轨电车总站，距离项目约800米；经明珠路至拱北口岸约25分钟车程明珠轻轨站、有轨电车总站、上冲客运总站、明珠巴士站仅 公交路线：42、43、55、931、B6、B7、B8,香洲区第十五小学、香洲区第九中学,珠海建发央璟所在的新香洲，是融市级行政、体育、文化功能与居住功能为一体的城市中心区，板块内配套醇熟，宜居宜业。,乐世界、奥园广场、万科里商业街、明珠商业广场、置地新天地二城商业广场、诚丰广场、旺角百货,梅溪牌坊旅游区、香山湖公园、体育中心、上冲社区公园等近在咫尺,3.0元/㎡,怡家园,2184
珠海市梅溪置业有限公司,"公安村西[公交站]（26），云顶澜山[公交站]（70,35,41,99,46），长沙[公交站]（36,41），福溪[公交站]（41），园艺研究所[公交站]（41），交警支队[公交站]（26）",尔得花美语幼稚园（642米），珠海市香洲区崇文学校（814米），小雨星早教中心（840米），香洲区第二十二小学（1087米），智慧树幼儿园（1120米），心笛摇篮（1183米）,梅溪牌坊,永旺超市，IMAX电影院，真冰溜冰场,春晖社区公园（1062米），南溪公园（1228米），中国中影影院（1690米），拾光里电影咖啡私人影院(怡华街店)（1936米），东坑公园[公交站]（1949米），上冲社区公园（2013米）,2.8元/㎡,奥园物业,29
珠海卓夫置业有限公司,1，6，8，K11，26，993路南村，新村，金桦花园，名街花园,文园中学。十二小学,瀚高市场，花园市场，南坑市场，珠海市图书馆，天鹅大酒店，7天酒店，锦江之星，体育中心,奥园广场，山姆会员店，华润万家,珠海市图书馆，天鹅大酒店，7天酒店，锦江之星，香山公园，大镜山，故新宫，山场北帝城隍庙，辉煌世纪KTV,6.0元/㎡,恒大金碧物业,1297
珠海市长远置业有限公司,17路，13路，26路，23路，16路到梅华中,机关幼儿园，凤凰小学，凤凰中学（2018年1月动工）文园中学,鸿运社区卫生服务站，妇幼保健院，人民医院，上冲医院,广富市场，山场市场，旺角百货，华润万家，富华食街,香山湖公园（施工中），香山驿站，石溪公园，珠海市体育中心,3.0/㎡,金地物业,1244
珠海市燊荣实业发展有限公司,,,,,,3.0/㎡,珠海市凯宏物业管理有限公司,1281
珠海睿德咨询服务合伙企业,明珠轻轨站、上冲长途客运站、珠海市有轨电车1号线、广珠西线高速、广澳高速等附近公交站:恆雅明园(16、17、33、55、992、999路),珠海市十二小、珠海市十一小、珠海市立才小学、珠海市实验小学、珠海市文园中学、第九中学、珠海市第一高中等,农科奇观、梅溪牌坊、南溪公园、体育公园等,新香洲华润万家、珠海市乐世界购物中心、山姆会员购物中心等,珠海市体育中心、金色时代KTV、尚都会、U派俱乐部、凯歌KTV、大宅门食府等,3.0/㎡,曼骊酒店,1168
珠海市新华建设房地产有限公司,人社局服务窗口 、梅华中 、行政服务中心，富康花园，广富市场,多格宝贝早教中心(728米) 、多格早教互动公园(765米) 、珠海市第一中学(772米) 、珠海市第一中学(高中部)(东门)(789米) 、珠海市第一中学北门(789米),配套良好，环境优雅,华平利便利店(186米) 、华润万家便利超市(盈翠轩店)(212米) 、运和商店(806米) 、中宇百货(832米) 、美宜佳(怡华街)(842米) 、怡利达商行(861米),春晖花园(红山路)(390米) 、体育公园(669米) 、体育公园(南门)(710米) 、多格英语互动公园(762米) 、玩具欢乐岛(883米) 、儿童乐园(985米) 、中影中心影城(1008米),2.5/㎡,珠海华发物业管理有限公司,57
山东颐养健康置业集团有限公司,明珠路、人民西路、翠微西路等城市主干道环绕，15分钟经广澳高速、广珠西线、金琴快线畅行大湾区各市，毗邻广珠轻轨明珠站，链接广州南站通达全国,香府一品择此一方宝地，延续学风，打造1所小学、2所幼儿园，构建全龄教育大城。翠微小学，第十中学，华昌小学，嘉园幼儿园，福来幼儿园，健华医院、上冲医院、珠海嘉济医院、兰埔门诊部、香洲区人民医院 前山电影院、前山游泳场、中山亭、新华书店等,上冲医院、香洲区人民医院、珠海市人民医院、妇幼保健院、中山大学附属第五医院等,沃尔玛、山姆会员店、诚丰广场、世邦家居世界、富华里、玖洲道、华发商都、优特汇、海韵城等，全部15分钟畅达,珠海市体育中心，梅华城市公园、板障山森林公园、圆明新园、梦幻水城、香山湖公园、上冲/翠景社区公园、海天公园等,3.0元/㎡,奥园智慧生活服务,2169
珠海市富景居投资有限公司,可乘坐6路、16路、31路、33路、40路、43路、55路、99路、观光巴士至城轨明珠站下车即可；附近百米内有上冲长途汽车客运站和城轨明珠站。,香洲第十七小学，新世纪实验学校，希望之星实验学校，香洲第十二小学，立才学校，恒隆学校，上冲中学，九中幼儿园：翠华幼儿园、小慧星幼儿园,凤山府为珠海市政府重点工程配套项目，并与广珠城轨、珠海市长途汽车站及珠海市公共汽车总站配套，身处交通中央，三站一中心，是名副其实的交通核心地带。,小区内部三层商业/家乐福、中影电影院等,凤山府同时地处繁华商业中心，周边各种丰富商业成熟，文化气息浓厚。,2.9元/㎡,珠海市名珠物业管理有限公司,2170
珠海太方投资有限公司,1路、60路、56路、55路,前山小学、区实验小学、翠微小学、第二十ー小学前山中学、第十中学,前山菜市场 肯德基，M记，华润万家,得一，华润，汇益百货，二城商业广场，沃尔玛,上岛咖啡，老村咖啡，北京酒店，活力酒店,3.0元/㎡,华发物业,2034
世邦佰亚集团,8路，35路，55路，20路，201路,珠海第八中学   第十小学  启雅幼儿园,马鞍山公园、圆明新园、板障山公园,华润万家、沃尔玛、格力旺角百货、旺家购物广场，,体育中心  图书馆、运动场、体育馆、游泳池,2.8元/㎡,世家物业,1241
珠海市铭豪居房产有限公司,14路，35路，55路、201路，609路到暨南大学站下车,前山小学、中学，暨南大学，香洲区实验学校,马鞍山公园,前山市场、沃尔玛，华润万家，世邦广场，旺角百货,森林山景、观景亭台、健身运动场、3里登山步道,2.8元/㎡,珠海市信诚物业管理有限公司,1150
珠海市鼎睿投资顾问有限公司,三桥汇聚点，畅连港珠澳：珠海位于深珠通道（规划中）、深中通道延长线（在建中）、港珠澳大桥（已通车），1小时直通香港，即将实现30min内直通深圳，未来一小时内融通粤港澳大湾区；咫尺前山站，近接立交桥：5min接驳前山轻轨站与前山立交，前山轻轨站上连广佛山、下通横琴、金湾机场；前山立交，左通金湾斗门、左通吉大、唐家，半小时任性直达珠海各个角落；主干枢纽，繁华轻松畅享：位于前山核心地段，前山路,香洲幼儿园、前山幼儿园、前山小学、荣华小学、前山中学、暨南大学；,西临主城重点集市——前山市场，前山市场是前山片区最大的农贸市场，集海鲜、禽蛋、鲜蔬以及日常用品等一体，满足周边50多个社区居民的日常生活所需。,近拥前山市场、前山沃尔玛、新香洲华润万家、前山天虹、富华里，玖洲道购物公园等市区繁华配套；,板障山森林公园、圆明新园、梦幻水城、前山游泳场、体育中心、前山河畔公园；【医疗护航】：香洲区人民医院；,2.9元/㎡,珠海都市物业管理有限公司,2142
卡都海俊,前山轻轨站、1路、60路、40路、30路、55路、36路、201路、992、8路、18路、16路、991、99、42、5路,前山小学、前山中学、暨南大学、,周边高端商圈、休闲配套、教育资源环伺左右，一应俱全,二城广场、诚丰广场、华发新城商业街、中海富华里、,乐士文化公园、圆明新园、梦幻水城、前山河情侣西路、板障山公园、马鞍山公园,3.0元/㎡,诺德物业,100
珠海市旧货调剂市场有限公司,距城轨前山站仅2公里，开车需要5分钟；距城轨明珠站仅3公里，开车需要5分钟。距离路翠前路南公交车站只有100米，步行不到1分钟，该车站可坐1路、15路、42路、56路公交车。,前山小学、区实验小学、翠微小学、第二十ー小学前山中学、第十中学,融德广场周边3公里周边人口109.19万人，占比市区54%，前山商圈紧九州商贸中心与邻富华里、玖州道、中安广场等九州大道周边项目形成商业集群，形成商圈聚集效应辐射全市超200万人，吸纳澳门及通关游客绝对消费力。,得一，华润，汇益百货，二城商业广场，沃尔玛,上岛咖啡，老村咖啡，北京酒店，活力酒店,8.0元/㎡,龙湖智慧云服务,2138
卡都海俊,公交车：60，40路，8路，56路等，轻轨站，有轨电车等,前山小学、中学,学校、医院、银行、商业街、写字楼,周边有明珠商业广场，二城广场，星海商场等，周边商业繁荣，人口居住稳定，区域常住人口30万。,珠海旅游景点圆明新园，板樟山都在周边。周边银行，医院，酒店，市场，商场等配套齐全,35.0元/㎡,优托邦,127
荣泰丰投资有限公司,【公交】中臣花园（5路; 15路; 30路; 42路; 45路; 60路; 80路; 204路; 602a路; 602路; k11路）331米，步行约5分钟【公交】荣泰河庭南门（30路）863米，步行约11分钟【公交】?福石?（5路; 15路; 30路; 42路; 45路; 60路; 80路; 204路; 602a路; 602路）673米，步行约8分钟,荣泰小学、容闳书院、容闳国际幼稚园、容闳小学、德威高中、南屏中学、东方外语实验学校。,周边构筑物主要有荣泰河庭、映晖湾、荣泰城墅、华发新城五期。项目北面前山岱山路，南面为前河东路，东面为福石路，西面为金鸡路，项目周边路网规划完善，车行交通较为完善。项目周边的自然环境项目南临800m面宽、近2公里长的前山河，为前山河一线河景唯一复合型标杆物业。,附近有珠海最大型商业综合体-华发商都、天虹广场、华润万家（明珠商业广场店）富华里。,附近有珠海最大型商业综合体-华发商都、天虹广场、华润万家（明珠商业广场店）富华里。,4.5元/㎡,安信物业,17
珠海市沃尔达发展有限公司,5 分钟到达新老香洲主城区（通过白云路连接岱山路串联明珠路接驳主城路网），10 分钟到达横琴自贸区/十字门中央商务区/珠海保税区（通过造贝互通连接金琴快速路），15 分钟到达拱北口岸接驳澳门（通过白云路连接岱山路串联明珠路接驳港昌路），20 分钟到达金湾斗门中心区（造贝互通接驳香海路），40 分钟到达接港珠澳大桥珠海接驳点直达香港（通过造贝互通直连港珠澳大桥珠海接驳点），60 分钟到达接沿海高速/,200M — 造贝幼儿园、200M — 明珠中英文学校、800M — 香洲区造贝学校、1500M — 容闳书院、2500M — 前山小学、2500M — 前山中学。,前山河旁，5分钟到达三大商圈（华发商都，诚丰广场，明珠广场），吃喝玩乐购一应俱全，成熟片区,造贝综合市场，10 分钟瞬达华发商都、诚丰广场、中海环宇城、天虹广场、富华里 5 大核心商业体。,长隆海洋王国，竹仙洞公园，北山运动场,3.0/㎡,珠海市隆兴物业管理有限公司,134
珠海新伟大房地产开发有限公司,15路（南屏科技园-香洲）、204路（平沙-海虹总站）、41路（造贝西-福溪北）、42路（格力康乐园-锦绣阳光花园）、45路（上冲总站-华发水岸）、5路（海虹总站-湾仔）、602A路（香洲-富山工业园）、602路（香洲-五山沙龙）、60路（湾仔-吉大总站）、K11（长隆-香洲）、K4（御温泉-香洲）,二十三小学，十一中学，前山小学，前山中学，荣泰小学等,项目地处金鸡路与造贝路交汇处，500米与中山坦洲相连，尽享双城繁华。项目周边乐士文化区、左右创意园、金嘉创意谷等，形成珠海创意产能聚集地。前山城市更新和三旧改造核心片区，项目旁边的宏丰大厦、醋酸纤维厂、造贝村、莲塘村等均属于城市更新、三旧改造范围内，不久即将陆续动工。加上众多高尚住区的相继兴起，明珠路的升级改造，未来项目所处区域将成为珠海的高尚居住区、商业娱乐聚集地，势必成为明珠路商圈的新核芯。,诚丰广场、明珠商业广场、二城广场、华发商都、乐士文化区等,诚丰国际影城、梵花KTV、中影国际影城等,3.8/㎡,珠海诚丰物业,1299
中海地产,香洲主城区、西区及十字门交汇点。前山、拱北南湾交汇处，东西向九洲-珠海大道、南北向明珠-港昌路交汇处；广珠轻轨前山站、港珠澳大桥吉大出口、九州港近在咫尺，澳门国际机场30分钟可达，连通大湾区立体交通；前山公交总站、前山长途汽车站，带来巨大客流，商业旺，则地段价值凸显。,二十三小学，十一中学，前山小学，前山中学，十六小学，荣泰小学等。,市中心黄金地段！配套齐全，交通便利！周边市场，学校，医院，银行等一应俱全,自带7万㎡的购物中心、万丽酒店、24万平方米的城市综合体--富华里、天虹商场、诚丰广场、明珠商业广场、前山市场等。,自带7万㎡的购物中心，万丽酒店，华富里大型综合体，板障山公园，圆明新园，梦幻水城等,4.3/㎡,中海物业,1218
珠海华发实业股份有限公司,10a路; 10f; 10路; 11路; 12路; 14路; 20路; 32路; 55路; 56路; 201路; 609路; k1路; k6路; k9路：22路，33路，56路在“石竹苑”站或“柠溪站”下车即到,教育配套：暨南大学珠海校区、珠海市第八中学、珠海市第十小学、珠海女子学校、珠海一中、社区内有山庄容闳幼稚园,中央湖泊，私人会所、山体公园，前临板嶂山，三面山环绕，紧临迎宾路，直通澳门，医疗配套：临近珠海市第一人民医院、珠海市妇幼保健院、珠海博雅医院、广东省中医院珠海医院、珠海市第二人民医院（扩建中）、香洲区人民医院,商业配套：富华里商业街、铭泰城市广场&#183;焕Mall、优特汇、拱北口岸、摩尔广场、华发商都，华润万家、得一超市、万业百货、珠海博爱妇产医院、珠海六和医院、柠溪卫生服务站,香洲区柠溪文化广场、中影电影院，文体配套：珠海中心书城（建设中）、珠海市体育中心、珠海文化宫（建设中）、珠海方志馆（建设中）、梅华城市花园、珠海市图书馆,3.0元/㎡,珠海市华发物业管理公司,2254
珠海市钧策商贸发展有限公司,项目距离拱北口岸、广珠轻轨前山站与终点站及港珠澳大桥出入口车程近，项目属于轻轨及港珠澳大桥双重价值叠加物业。,十一中  十六小,所在的拱北，是珠海连接港澳地区的接驳口，使得珠海成为全国唯一一个与港澳陆桥相接的城市。同时拱北口岸也是全国最大的通关口岸，年通关量超亿人次；,拱北口岸关口/华润万家/明珠商业广场，天虹商场，富华里/摩尔广场/免税商场/国贸/珠海百货/华发商都，等型购物天堂，多重商圈交叉覆盖核心,圆明新园，炮台山公园，铂尔曼酒店，来魅力假日酒店，项目自带商业，餐饮，购物，健身房，万枫酒店，比高电影院等！,4.9元/㎡,第一太平戴维斯,42
珠海中珠商业投资有限公司,公交车站：侨光西：21、N20、华发国际花园：62、82、K8、K10,自带幼儿园，侨光小学，珠海市一中实验学校、珠海市第十三中学,前山河畔，白石桥，拱北口岸、青茂口岸、港珠澳大桥珠海口岸，三大口岸环绕，自带商业，米其林三星餐厅。,自带商业，卓凡商业中心、夏湾市场、华发商都、富华里、华发世纪城商圈,前山河畔一河两岸景观带，白石桥网红打卡点，夏湾美食广场,10.0元/㎡,君瑞物业,2140
珠海市骏誉房地产开发有限公司,公交：13，21，30，62，69，991，1，14路香洲主城区、西区及十字门交汇点。前山、拱北南湾交汇处，东西向九洲-珠海大道、南北向明珠-港昌路交汇处；广珠轻轨前山站、港珠澳大桥吉大出口、九州港近在咫尺，澳门国际机场30分钟可达，连通大湾区立体交通；,十一中学，金钟小学,市中心黄金地段！配套齐全，交通便利！周边市场，学校，医院，银行等一应俱全,项目500米7万㎡的购物中心、万丽酒店、24万平方米的城市综合体--富华里、天虹商场、诚丰广场、明珠商业广场、前山市场等。,沃尔玛，摩尔广场，富华里，玖州道，银石雅园网球场，炮山台溜冰场，麦当劳，星巴克等知名品牌。,3.0元/㎡,龙光物业,2166
珠海保通投资有限公司,拱北轻轨站，拱北汽车总站，公交车站都在周边,夏湾小学、夏湾中学、珠海一中附属实验中学、拱北小学、拱北中学、北岭小学,拱北口岸核心资产，零距离珠澳双城生活圈，周边商圈环伺，交通便利，星级酒店林立，国宾级会客厅、商务会馆、等资源随时共享。,拱北口岸商场，华润万家大型超市，沃尔玛超市，米兰百货,酒店：益健、新海利、棕泉、来魅力、东方印象、帝澜思、昌安等。,5.0元/㎡,佳兆业,1190
珠海市峻景房地产开发有限公司,广珠轻轨拱北站，过关澳门拱北口岸，公交路线82，62，35，k10，k8……,侨光小学，夏湾小学，夏湾中学…,前山河边，楼下市政公园，边上有华发国际花园，华发世纪城，中信红树湾等高档小区，还有在建五星级史莱康酒店等,夏湾批发市场，世纪城华润万家，华发商都，富华里商圈，拱北口岸购物商城。华发卓凡商业中心，粤华路、侨光西路成熟商业配套；500米内有中国银行、建设银行、交通银行、平安银行、邮政银行等,前山河前市政公园，竹仙洞公园，高尔夫球场，湾仔旅游码头，世纪城酒吧街，汉庭唛潮ktv……,5.0/㎡,龙光物业,117
珠海正方集团,【1大桥】港珠澳大桥【2高速】广澳高速 / 京港澳高速【2跨海通道】深中通道（建设中） / 深珠通道（规划）【2城市快线】金琴快线 / 兴业快线枢纽【2国际机场】澳门国际机场 / 珠海金湾机场【4轨道交汇】广州地铁18号线南延长线（规划） / 深珠城轨（规划） / 地铁2号线（规划） / 广珠城轨 ,学府环绕：区域内目前共规划有17所学校，其中高中1所，初中2所，小学6所，幼儿园8所。礼和小学已经建成，珠海最具实力的初中之一文园中学礼和校区也已签约。,医疗配套北围规划1所1000床综合医院，6所社区卫生服务中心。2022年6月底珠海官宣，高新区人民医院北围院区预计年内开工建设七大公园：淇澳岛湿地公园 / 海滨公园 / 绿谷中央公园 / 半圆之园景观公园 / 中珠渠景观带（在建） / 门之园景观公园（规划中） / 景观长廊（规划中）,商业荟萃：目前有10万平商办项目大德世贸广场在建，北站宝龙广场、华润置地广场华润润街、高新宝龙广场等众多大型商业配套，为北围带来全新的高端综合商业体验。,景观资源：北围将新增北围体育中心、影剧院以及文化活动中心，众多社区体育公园，极大丰富居民的日常体育文化需求。,3.0元/㎡,正方物业,2283
珠海市天地源置业有限公司,项目距珠海北站约500米，家门金琴+兴业快线双线通达，约15分钟抵达主城核芯商圈；深珠通道（规划中）开通后，约30分钟直达前海核芯生活圈；约1小时联通香港、澳门、宝安、白云、金湾五大机场，通达全球。                                                                                                     ,项目自建一所12班制幼儿园，咫尺文园中学，17所片区学府优教环伺；其中高中1所，初中2所，小学6所，幼儿园8所；礼和小学已经建成，珠海最具实力的初中之一文园中学礼和校区也已签约。文园中学礼和校区，占地面积33633.9㎡，按36个教学班设计，每班50人，可提供1800个初中学位。作为科创北围第一所公立初中，将飞跃提升片区强大教育优势。另外中山大学、北师大等高校云集，近享一站式全龄教育，育就下一代菁,项目距珠海北站约500米，家门金琴+兴业快线双线通达，商业荟萃：800米黄金生活圈，近享超60万方片区商业体量，七大公园围绕周边。,商业荟萃：800米黄金生活圈，近享超60万方片区商业体量；约10分钟直达两大商业购物中心，大德世茂广场、华发、华润、万科等多个商业街区举步可达；项目自带约2800㎡立体商街，体验高品质生活,1，七大公园：淇澳岛湿地公园 / 海滨公园 / 绿谷中央公园 / 半圆之园景观公园 / 中珠渠景观带（在建） / 门之园景观公园（规划中） / 景观长廊（规划中）/ 约900米近享湾区海岸 / 约1.5公里即达珠海名片情侣北路(规划中) 。                                                                                ,3.0元/㎡,天地源物业,2300
珠海华发实业股份有限公司,公交；z76  .z75  b20,幼儿园；鎔弘幼儿园 新加坡馨乐园   小学；中大附小唐家小学 中学；中大附中 三鑫双语学校 北大附中,"情侣北路唐家湾核心片区,周遍千米范围内五大主题公园围绕，郊野公园，体育公园，城市公园，滨海公园，绿杨湾白沙滩",绿杨湾会所三层楼商业街，唐家市场,唐人街，红树林公园，情侣路，唐家广场，淇澳岛，绿杨湾白沙滩，半岛公园,3.0元/㎡,华发物业,1214
格力,大桥（市际交通）：港珠澳大桥、虎门大桥、深中通道(建设中)城轨（省际交通）：广珠城轨、广佛江珠城际轨道（规划中）、深珠城轨（规划中）4干道（城际交通）：情侣路、港湾大道、兴业快速通道（建设中）、金琴快线（建设中）高速（省际交通）：广珠西线高速、广澳高速、京港澳高速、西部沿海高速机场（国际交通）：珠海金湾机场、香港国际机场、澳门国际机场、深圳宝安机场、广州白云,幼儿园：云海幼儿园、高新区第三幼儿园、高新区海怡湾伊顿幼儿园、新加坡新乐园幼儿园高、中、小学：珠海中山大学附属中小学、前环小学、珠海北大附属实验学校高等学府：中山大学珠海校区、北京师范大学珠海校区、北京理工大学珠海分校唐家湾前环片区为未来珠海高端居住片区，周边大型社区众多，相应配套一应俱全。,格力海岸滨海公园、前环公园、后环公园、半岛驿站公园、淇澳红树林湿地公园、唐家湾沙滩公园（已建成）；体育公园、郊野公园、社区公园、城市公园（规划）。唐家湾沙滩（车程5min）后环公园（车程7min）其中，与项目一路之隔的格力海岸滨海公园占地18万平方米，是一个集娱乐休闲、有氧运动、观海艺术、观景功能为一体的城市海岸公园。公园内运动场地多种多样，提供骑行、足球、篮球、网球、滑板、放风筝等多种运,格力海岸自带6.8万㎡的商业综合体，再加12万㎡商业综合体。,格力海岸滨海公园、前环公园、后环公园、半岛驿站公园、淇澳红树林湿地公园、唐家湾沙滩公园（已建成）；体育公园、郊野公园、社区公园、城市公园（规划）。唐家湾沙滩（车程5min）后环公园（车程7min）与项目一路之隔的格力海岸滨海公园占地18万平方米，是一个集娱乐休闲、有氧运动、观海艺术、观景功能为一体的城市海岸公园。公园内运动场地多种多样，提供骑行、足球、篮球、网球、滑板、放风筝等多种运动选择,3.0元/㎡,格力,2188
卓越集团,Z75、Z76,三鑫小学、中大附小,淇澳岛湿地公园、郊野公园、体育公园、城市公园、社区公园、滨海公园, 格力海岸商业街，华润万家 唐家福乐购,华润万家 唐家福乐购，唐家市场，中日友好医院， 中大五院。,12.3元/㎡,保利物业,1186
珠海清能置业有限公司,四横五纵：3、大桥：深珠通道、深中通道、港珠澳大桥。2、快线：金琴快线、兴业快线。2、轨道：广珠城轨、广州地铁18号线。2、高速：西部沿海高速、广澳高速。5、机场：珠海、深圳、广州、澳门、香港五大国际机场。,教育：红树林幼儿园、礼和小学、礼和中学、金鼎一小、唐家礼德学校、金鼎中学。,公园学府旁，一站式湾心生活。商圈：金鼎市场、官塘市场、鑫辉百货、宝龙城商业综合体、北站宝龙广场。景观园林：步步皆风景，畅享五大主题园林。,2公里范围内商圈辐射。拥北站宝龙城、高新宝龙城及大德世贸广场三个城市级的综合体。,2公里范围内商圈辐射。拥北站宝龙城、高新宝龙城及大德世贸广场三个城市级的综合体。,3.0元/㎡,清能/碧桂园物业,2162
珠海天恒房地产有限公司,3路、10路、10A路、66路公交车,新加坡馨乐园幼儿园，三鑫小学，三鑫中学，北大附小，北大附中。唐家小学。唐家中学，中山大学等。,情侣北路唐家湾新城核心片区，周边千米范围内五大主题公园萦绕，郊野公园、体育公园、城市公园、社区公园、滨海公园是自然景观的国际化高端社区。,华润便利超市，唐家农贸市场，社区商业街。,唐人街，红树林，情侣路，珍珠乐园，淇澳岛。,0.0元/㎡,雅生活,2112
仁恒置地,&quot;多维立体交通 畅享便捷出行广深珠约一小时生活圈1站：珠海北站（距离项目直线距离仅3.5KM）3轨：广珠城规（运行中，前往广州约40分钟）、深珠城规（规划中）、广州地铁18号线（建设中，未来从珠海北站到广州白云机场约1小时）3桥：深珠通道（规划中，投入使用后到深圳前海仅需30分钟）、深中通道（建设中，预计2024年通车）、港珠澳大桥（已通车）2快线：兴业快线（2022年底将全线通车）、,项目门口配套幼儿园、小学，足不出社区，轻松接送，安全有保障。周边有金鼎幼儿园、梧桐树幼儿园、礼和小学/中学、金凤小学、金鼎小学、景阳小学、中山大学附属中学/小学、北京师范大学附属中学、三鑫实验中学/小学，尽享一站式教育；,项目自带高端商业综合体，打造国际化SHOPPING MALL，周边还有高新及北站宝龙城商圈，5分钟繁华生活生活圈，触手可及。项目门口有幼儿园、小学，极大方便您接送小朋友放学回家，周边拥中山大学附属中学/小学等一站式全龄化教育，还拥有中山公园、原生态湿地公园、淇澳红树林湿地公园，情侣路等著名景点，商业、休闲、教育等配套样样俱全；,项目自带高端商业综合体，打造国际化SHOPPING MALL，周边还有高新宝龙城、北站宝龙城、港湾壹号等商圈。5分钟都市繁华生活生活圈，触手可及。,项目周边公园景区资源丰富，包括珠海渔女/日月贝/情侣路等珠海城市文化地标，中山公园/湿地公园/共乐园等城市生态公园配套，还享有伶仃洋海景/留诗山脉，完美缔造出山海共享的体验。,3.9元/㎡,仁恒物业,2261
珠海兆彤房地产开发有限公司,① 兴业快线 ：新老香洲 15 分钟② 金琴快线 ：横琴自贸区 20 分钟③ 广珠轻轨：广州南站 40 分钟④ 深中大桥：深圳宝安机场 40 分钟⑤ 深珠通道：深圳前海 30 分钟（已批复）⑥ 港珠澳大桥：HK60 分钟直达,项目目前周边学校有：① 中小学：高新区礼和小学，金鼎中学，未来礼和中学建成后项目或有可能划入礼和中学，具体学区范围以政府每年公布为准。② 幼儿园：唐家湾中心幼儿园、红树林幼儿园、金星幼儿园、金海幼儿园，景峰幼儿园。③ 高等教育资源：北京理工大学，UIC 香港浸会大学，北京师范大学，中山大学等一系列重要的大学教育资源环绕，是全市重要的大学城。,项目周边配套：① 商业：项目自带4200平商业，大德世贸广场，北站宝龙城，高新宝龙城，万科里商业，滨海新城邻里中心园广场等② 休闲娱乐：珠海高尔夫球场，翠湖高尔夫球场，珠海国际赛车场，亚洲红树林湿地公园，凤凰山③ 城市园林：中珠景观河区，半圆之园中央公园，景观长廊④ 现代产业：金山软件、魅族手机、YY 直播、国机机器人，珠海大数据中心，中以加速器，汇金科技等,"三大商圈环绕高新宝龙城，规划建设9万㎡购物中心,集休闲娱乐,餐饮购物,儿童天地,电影院,精品超市于一体的大型购物中心.距离项目700m预计2021年底开业大德世贸广场，距离项目100m北站宝龙约8万㎡大型购物中心，距离项目200m",① 商业：项目自带4200平商业，大德世贸广场，北站宝龙城，高新宝龙城，万科里商业，滨海新城邻里中心园广场等② 休闲娱乐：珠海高尔夫球场，翠湖高尔夫球场，珠海国际赛车场，亚洲红树林湿地公园，凤凰山③ 城市园林：中珠景观河区，半圆之园中央公园，景观长廊④ 现代产业：金山软件、魅族手机、YY 直播、国机机器人，珠海大数据中心，中以加速器，汇金科技等,3.0元/㎡,珠海高盛物业管理有限公司,2183
珠海市高新城市建设有限公司,多维交通路网，内畅外连：五大机场：珠海金湾机场、广州白云机场、深珠宝安机场、香港国际机场、澳门国际机场，畅通世界湾区快线：港珠澳大桥、深中通道（建设中）、深珠通道（规划中）城际轨道：广珠城轨、南中珠城际（规划中）高速公路：京珠高速、西部沿海高速海上高速：唐家港码头（建设中）直通市区：港湾大道、情侣北路、兴业快线、金琴快线，无缝链接市区,全龄段优质教育资源，家门口的好学校 幼儿园：启乐、大同、蔚海、港湾、前环、云海、容闳幼儿园等，幼儿上学无忧。中小学：项目学区划分为中大附中附小，仅一路之隔，目送式上学。高校：中山大学珠海校区、北师大珠海校区、北理工、UIC、格力职业学院等均选址唐家。,周边拥有多个代表性休闲旅游目的地—国家历史文化名镇唐家古镇、兼具自然风光及红色精神的淇澳岛、有着270多年的历史的“珠海最美乡村”会同古村、古朴的凰山古道、风景优美的红花山森林公园等，不出区内也能享受大好风景风光。,港湾天际项目自带4万㎡高端商业配套，将引进各类特色品牌，精品超市、巨幕影院、时尚零售、特色餐饮、休闲体验、儿童娱乐等多元业态。周边繁华商圈荟萃，港湾一号、Coast Park、唐家市场商圈、唐家古镇商业街、高新宝龙城商圈在侧，让您时刻可触摸最舒适、最便捷的城市生活。,山海间、公园旁，高新区最宜居高端居住区地处高新区内最宜居板块及公园配套最集中的居住板块，项目临近石坑山，远眺伶仃洋，尽享山海资源。5大公园（中山公园、后环公园、绿洋湾公园、半岛驿站公园、格力海岸滨海公园）及2大公共沙滩（唐家湾沙滩、绿洋湾沙滩）环绕，闲暇之余可散步，放风筝、露营聚会、进行各项球类运动，可满足您一家人的休闲运动需求。,3.0元/㎡,高新建投,2281
珠海宝龙洪信房地产开发经营有限公司,深珠通道30分钟直达前海，兴业快线15分钟直达主城区，金琴快线30分钟贯通珠海，两大轻轨站：珠海北站，唐家站，公交站城轨珠海北站：3A 72A 989 998 K1惠景慧园：3a 989 998 k1海岸生活区：3a 72a 998,一站式全龄教育 5幼3小2中1高4大学：中山大学、北理工、北师大、UIC、礼和中学（在建）、金鼎第一小学、礼和小学 、唐家湾幼儿园等，学风优良醇厚，孩子成长无忧；更自带高端幼儿园，成长第一站即享优渥。,摩登年轻力 约4万㎡不打烊潮流商街 建面约20-200㎡潮流商街24+1小时的精彩：港式早茶、深夜食堂、萌宠、时尚买手店等新锐生活方式集合街区，小酒吧、茶坊、西餐厅、网红美食……繁华自成，每天多出一小时，享受不打烊的都会精彩。与商业MALL互补共赢：近邻商业MALL，名副其实的消费旺场，商家和消费者共享繁华盛景，实现多方共赢。,繁华年轻力 约8万㎡全业态购物中心 宝龙商业100%自持,"生活配套：项目1km有菜肉市场和一级邻里中心市场，同时自带10万㎡全时区商业旗舰（MALL+商业步行街）,足以满足您得日常生活所需。休闲娱乐配套：国际赛车场、翠湖高尔夫球场、淇澳岛湿地公园及唐家湾古镇。6大公园环伺：咫尺绿谷中轴景观带、约1.5公里即达珠海名片情侣北路；半圆之园公园、湿地公园等，尽享都市森呼吸绿生活。周边医院：周边有中大五院、珠海高新区人民医院，明年在南方软件园附近修建",3.0元/㎡,宝龙物业,2159
珠海市润地房地产有限公司,粤港澳大湾区深珠通道落脚点；距离广珠城际轻轨唐家北站700米、距离珠海情侣路金边海岸900米；项目出发30分钟通过深珠通道抵达深珠前海；项目出发20分钟通过金琴快线北延长线到达深中大桥；项目出发20分钟通过金琴快线、兴业快线通往珠海老城区																						粤港澳大湾区深珠通道落脚点；距离广珠城际轻轨唐家北站700米、距离珠海情侣路金边海岸900米；项目出发30分钟通过,一站式全龄教育 5幼3小2中1高4大学：中山大学、北理工、北师大、UIC、礼和中学（在建）、金鼎第一小学、礼和小学 、唐家湾幼儿园等，学风优良醇厚，孩子成长无忧；更自带高端幼儿园，成长第一站即享优渥。,登年轻力 约4万㎡不打烊潮流商街 建面约20-200㎡潮流商街24+1小时的精彩：港式早茶、深夜食堂、萌宠、时尚买手店等新锐生活方式集合街区，小酒吧、茶坊、西餐厅、网红美食……繁华自成，每天多出一小时，享受不打烊的都会精彩。与商业MALL互补共赢：近邻商业MALL，名副其实的消费旺场，商家和消费者共享繁华盛景，实现多方共赢。,繁华年轻力 约8万㎡全业态购物中心 宝龙商业，华润打造润街100%自持,"生活配套：项目1km有菜肉市场和一级邻里中心市场，同时自带10万㎡全时区商业旗舰（MALL+商业步行街）,足以满足您得日常生活所需。休闲娱乐配套：国际赛车场、翠湖高尔夫球场、淇澳岛湿地公园及唐家湾古镇。6大公园环伺：咫尺绿谷中轴景观带、约1.5公里即达珠海名片情侣北路；半圆之园公园、湿地公园等，尽享都市森呼吸绿生活。周边医院：周边有中大五院、珠海高新区人民医院，明年在南方软件园附近修建",3.0元/㎡,华润物业,2258
美的置业,OD智能城市综合体 脉通大湾区公交——紧临珠海北站公交总站，轻松通达全市轻轨——珠海北站就在家门口，接驳湾区核心城市公路——2公里达深珠通道（规划中）、深中通道、港珠澳大桥20分钟车程三桥鼎立，紧临京珠、广澳两条高速直连中山、广州；金琴、兴业（预计2021年底通车）两条快线交汇，通达横琴机场——60分钟环五大机场（广州白云机场、深圳宝安机场、香港国际机场、澳门国际机场、珠海金湾,幼儿园到大学 全龄配套 教育无忧幼儿园——项目配建社区幼儿园小学——礼和小学、北师大附属小学、香洲一小、金鼎小学、金凤小学、中山大学附属小学、中学——金鼎中学、北师大附中，礼和中学、珠海英华剑桥国际学校大学——中山大学、北师大珠海分校、北理工珠海分校、UIC联合国际学院,半圆之园公园、门之园景观公园（规划中）、中珠渠景观带（在建）、景观长廊（规划中）之外，还可近享绿洋湾白沙滩、绿洋湾体育公园（华发代建）、淇澳岛红树林湿地公园、半岛驿站公园、唐家湾滨海公园、格力海滨公园（游艇码头建设中）、翠湖高尔夫、香山艺术馆、国际赛车场等,高新宝龙城、北站宝龙城、大德世贸广场，片区内还有三大旧改商业综合体已动工……,国际赛车场、翠湖高尔夫球场、淇澳岛湿地公园及唐家湾古镇。6大公园环伺：咫尺绿谷中轴景观带、约1.5公里即达珠海名片情侣北路；半圆之园公园、湿地公园等，尽享都市森呼吸绿生活。周边医院：周边有中大五院、珠海高新区人民医院，明年在南方软件园附近修建,3.0元/㎡,美的物业,2248
珠海经济特区恒盛房地产开发有限公司,广珠轻轨、港珠澳大桥、深中通道、港湾大道、广澳高速、金峰路、金凤路、公交路线：3路、3A、10、10A、66路、68路、69路。,中山大学珠海校区、北京师范大学珠海分校、北京理工大学珠海分校、北京师范大学附属中学、小学。,国际赛车场、高尔夫、唐家文化广场、淇澳岛湿地公园。,唐家湾镇中心、唐家市场、唐人街、东岸市场、华润万家便利超市、好旺家百货。,国际赛车场、高尔夫、唐家文化广场、淇澳岛湿地公园。,3.0元/㎡,万科物业服务有限公司,70
珠海金塘投资有限公司,"10a路, 69路, 70路, 72a路, k3路, 珠海北站专线或乘K1、K2、K3、10A、10、3A、3、66、68、69到南方软件园站下",金凤小学、金凤中学、珠海高新区金鼎第一小学、北京师范大学珠海分校、北京理工大学珠海学院、礼和小学  金鼎中学  。,珠海翠湖高尔夫球会，唐家市场，金鼎市场 医院：中大五院 沿街商业、会所、国际会展中心。,宝龙城商业中心，5分钟纵享繁华商业圈。科创发源地，汇聚大学园区、信息港商业配套。,唐家共乐园 、唐家湾影剧院 、新时代电影院 、MIN影院(、小天才儿童乐园、哈哈乐园，珠海翠湖高尔夫球会,3.0元/㎡,恒大金碧物业,1470
珠海宝龙置业有限公司,可乘坐3a路；3路；66路；68路；70路；72A路；826-5路；B9路；K1路；K2；珠海北站专线A路到达港湾大道“官塘”公交站下车，步行500米到达销售中心。,礼和小学、金鼎中学、北师大学，北理工大学。金鼎中学，金鼎第一小学。,整个规划是以TOD小镇打造，周边有住宅、高端技术性产业、医疗、教育、交通为重点打造。,三和购物广场，益惠生活广场，惠益百货，未来项目内规划近9万平方米的购物中心、项目建成后将弥补唐家没有城市综合体的空白，将建成集居住、办公、休闲、娱乐、购物功能于一体的高新区标杆性的商业综合体，也将成为唐家的新核心商业区。,项目周边有和记餐厅、大石浦餐厅、展记羊庄、渔记茶餐厅等；项目附近影院有环球星梦影院、中影face影院等；同时项目附近还有红馆KTV、金康怡保健会所，山水湾足浴保健中心等娱乐配套，应有尽有。珠海赛车俱乐部，荣一超市酒店酒楼、珠海四季公馆酒店，中山公园，大镜山公园，海岸延长线，半圆之园景观公园,3.0元/㎡,宝龙物业,2016
仁恒置业,68路，k2，k1，3A，10A，,新加坡馨乐园幼儿园，八一幼儿园，华福幼儿园，三鑫小学，三鑫中学，北大附小，北大附中。,仁恒滨海半岛打造的是一个拥抱山，海，岛，城自然景观的国际化高端社区。西靠石坑山城市森林公园，东南面沿情侣北路呈半岛延伸入海，让生活体验山景与海景资源。,唐家唐人街，唐家综合市场。仁恒商业街。,珍珠乐园，淇澳岛。,3.0元/㎡,仁恒物业,1165
珠海华健房地产开发有限公司,989路，998路，3A路，69路。,项目西侧规划小学，东侧规划幼儿园、中学用地，一路之隔3所学校，周边规划8所幼儿园、6所小学、2所初中、1所高中合计17所学校，其中礼和小学已经开学，礼和中学建设中。,半圆之园公园、门之园景观公园（规划中）、中珠渠景观带（在建）、景观长廊（规划中）之外，还可近享绿洋湾白沙滩、绿洋湾体育公园（华发代建）、淇澳岛红树林湿地公园、半岛驿站公园、唐家湾滨海公园、格力海滨公园（游艇码头建设中）、翠湖高尔夫、香山艺术馆、国际赛车场等,高新宝龙城、北站宝龙城、大德世贸广场，片区内还有三大旧改商业综合体已动工……,半圆之园公园、门之园景观公园（规划中）、中珠渠景观带（在建）、景观长廊（规划中）之外，还可近享绿洋湾白沙滩、绿洋湾体育公园（华发代建）、淇澳岛红树林湿地公园、半岛驿站公园、唐家湾滨海公园、格力海滨公园（游艇码头建设中）、翠湖高尔夫、香山艺术馆、国际赛车场等,3.0元/㎡,华发物业,2178
珠海天地源置业有限公司,珠海：港湾大道-金峰北路-兴南路，驱车共30分钟广州：广珠西线高速-珠三角环线高速-广澳高速-广澳高速珠海支线-港湾大道-金峰北路-兴南路，驱车共1小时51分钟到达深圳：蛇口港乘船——航程60分钟，打车约30分钟到达；未来：深中大桥——本案，驱车约1小时到达深珠通道——本案，驱车约30分钟到达香港：香港中港城码头——九洲港，航程70分钟，打车约30分钟到达；香港港澳码头——,唐家湾中心幼儿园，红树林幼儿园，礼和小学，金鼎一小，金凤小学，唐家中小学，金鼎中学，北师大-浸会大学联合国际学院，中山大学，北师大，北理工，三鑫双语学校。,项目周边坐拥全能生活配套，繁华商业：综合体大德世贸广场、宝龙广场购物中心和万科里；全龄教育：红树林幼儿园、礼和小学、礼和中学、哈罗公学、北理工、北师大和中山大学；齐全医疗：金鼎人民医院、珠海高新区人民医院和中山大学附属妇女儿童医院！,繁华商业：综合体大德世贸广场、宝龙广场购物中心和万科里。,唐家古镇，共乐园，会同村，情侣北路，翠湖高尔夫球场，珠海国际高尔夫俱乐部，珠海国际赛车场。珠海旭日湾巢酒店，维也纳国际酒店，7天连锁酒店，静云公馆。,3.0元/㎡,深圳天地源物业服务有限公司珠海分公司（天地源旗下物,2106
珠海仁恒和远置地有限公司,【交通】两高速：京珠、广澳双高速，两快线：兴业快线（在建中）、金琴快线，三大桥：深珠通道（规划中）、深中通道（在建中）、港珠澳大桥双轨道：广珠城轨、珠海北站,【教育】小学：礼和小学、北师大附属小学、香洲一小等；中学：金鼎中学、北师大附中、礼和中学等；大学：北师大珠海分校、中山大学珠海校区等。,中珠渠景观带（在建中）、淇澳岛湿地公园、滨海景观带、门之园景观公园（规划中）、景观长廊（规划中）、半圆之园景观公园（在建中）。【医疗】3公里范围内可达金鼎人民医院、珠海高新区人民医院，一六八医院等医疗配套。,2公里范围内商圈辐射。拥北站宝龙城、高新宝龙城及大德世贸广场三个城市级的综合体。,2公里范围内商圈辐射。拥北站宝龙城、高新宝龙城及大德世贸广场三个城市级的综合体。,3.0元/㎡,仁恒物业公司,2160
华发实业有限公司,"大湾区核心都市圈,深珠合作区,前环总部片区，两轨三桥四干道，启幕粤港澳大湾区总部枢纽广珠城轨、地铁18号线&#183;深珠通道、深中通道、港珠澳大桥&#183;金琴高速、兴业快线、情侣路、港湾大道",幼儿园：云海幼儿园、高新区第三幼儿园、高新区海怡湾伊顿幼儿园、新加坡新乐园幼儿园高、中、小学：珠海中山大学附属中小学、前环小学、珠海北大附属实验学校高等学府：中山大学珠海校区、北京师范大学珠海校区、北京理工大学珠海分校唐家湾前环片区为未来珠海高端居住片区，周边大型社区众多，相应配套一应俱全。,格力海岸滨海公园、前环公园、后环公园、半岛驿站公园、淇澳红树林湿地公园、唐家湾沙滩公园（已建成）；体育公园、郊野公园、社区公园、城市公园（规划）。唐家湾沙滩（车程5min）后环公园（车程7min）其中，与项目一路之隔的格力海岸滨海公园占地18万平方米，是一个集娱乐休闲、有氧运动、观海艺术、观景功能为一体的城市海岸公园。公园内运动场地多种多样，提供骑行、足球、篮球、网球、滑板、放风筝等多种运,格力海岸6.8万㎡的商业综合体，再加12万㎡商业综合体。宝龙广场。,格力海岸滨海公园、前环公园、后环公园、半岛驿站公园、淇澳红树林湿地公园、唐家湾沙滩公园（已建成）；体育公园、郊野公园、社区公园、城市公园（规划）。唐家湾沙滩（车程5min）后环公园（车程7min）其中，与项目一路之隔的格力海岸滨海公园占地18万平方米，是一个集娱乐休闲、有氧运动、观海艺术、观景功能为一体的城市海岸公园。公园内运动场地多种多样，提供骑行、足球、篮球、网球、滑板、放风筝等多种运,13.0元/㎡,华发物业,2243
珠海市万恒众悦房地产开发有限公司,989路，998路，3A路，69路。,礼和中学，礼和小学，红树林幼儿园，金海幼儿园，金鼎中学、北师大学，北理工大学。,唐家北围项目整个规划是以TOD小镇打造，周边有住宅、高端技术性产业、医疗、教育、交通为重点打造。,金鼎市场，华润万家，宝龙城商业。,半圆之园公园、湿地公园等六大主题公园，海岸延长线。,3.0元/㎡,万科物业,1454
珠海格力房产有限公司,3路、10路、10A路、66路公交车,唐家小学。唐家中学，中山大学,情侣北路唐家湾新城核心片区，周边千米范围内五大主题公园萦绕，郊野公园、体育公园、城市公园、社区公园、滨海公园,华润便利超市，唐家农贸市场,唐人街，红树林，情侣路,4.5元/㎡,格力物业,34
珠海格力房产有限公司,3路、10路、10A路、66路公交车,唐家小学。唐家中学，中山大学,情侣北路唐家湾新城核心片区，周边五大主题公园萦绕，郊野公园、体育公园、城市公园、社区公园、滨海公园,华润便利超市，唐家农贸市场,唐人街，红树林，情侣路,4.5元/㎡,格力物业,1284
珠海天泉房地产开发有限公司,3路、10路、10A路、66路公交车,大学园区集结了北师大、北理工、中大附中、附小、三鑫双语学校等知名学府。,周边范围内六大主题公园萦绕：淇澳岛湿地公园、郊野公园、体育公园、城市公园、社区公园、滨海公园，其中南中国海沿岸规划为生态滨海公园，设计观海绿色长廊。,华润便利超市，唐家农贸市场,唐人街，红树林，情侣路,3.0元/㎡,裕和物业,1151
招商集团,"K1,路，3A路，珠海北站。",容宏幼儿园，礼和小学，礼和中学、珠海北大，珠海北理工，珠海北师大，哈罗中学，北大附中附小。,无边际游泳池，儿童游乐场小区共享汽车，公共WiFi雅居乐国际花园，万科翡翠郡，龙湖天钜。,唐家市场，金鼎市场，海湾大酒楼,淇澳岛，滨海公园，红树林湿地公园，小区一期会所。,3.0元/㎡,招商物业,1355
珠海唐家湾城区综合开发有限公司,3路；10路；66路；68路；70路；989路,礼和小学、金鼎中学、北师大学，北理工大学。,整个规划是以TOD小镇打造，周边有住宅、高端技术性产业、医疗、教育、交通为重点打造。,金鼎市场，唐家广场。,圣罗兰茶餐厅；骑龙海鲜酒家；洞庭湖饭庄，海岸延长线，半圆之园景观公园,2.8元/㎡,珠海高新物业,1272
珠海市中洲房地产开发有限公司,兴业快线：车程 7 分钟到老香洲，13 分钟到吉大，20 分钟到人工岛，自大桥口岸便捷通往港澳金琴快线：车程 7 分钟到新香洲，21 分钟到横琴，自横琴口岸便捷通往澳门,2 公里内，拥有北师大/北理工/北师港浸大等 3 所大学以及外国语学校/北师大附中/金鼎中学/金凤小学/英国哈罗礼德学校等 5 所高水平中小学,珠海翠湖高尔夫球会，凤凰山，北理工，北师大，南方软件园。,信息港，宝龙城商业。,凤凰山森林公园：珠海最大城市绿肺，集旅游/观光/休闲及科普教育于一体的【6万亩凤凰山森林公园】赛车场综合体：总占地超100万㎡ ，赛车主题乐园/博物馆/文化馆/商业街/酒店/城市及生活配套翠湖里商业小镇：总建面约5.7万㎡的公园式精品商业，并统一管理统一运营，高品质特色商业街,3.0元/㎡,御景物业,2110
珠海市高新置业发展有限公司,3路；10路；66路；68路；70路；989路,礼和小学、金鼎中学、北师大学，北理工大学。,整个规划的打造，周边有住宅、高端技术性产业、医疗、教育、交通为重点打造。,金鼎市场，唐家广场。,圣罗兰茶餐厅；骑龙海鲜酒家；洞庭湖饭庄，海岸延长线，半圆之园景观公园,2.8元/㎡,港湾物业,1286
珠海市润地房地产有限公司,989路，998路，3A路，69路。,礼和小学、金鼎中学、北师大学，北理工大学。,唐家北围项目整个规划是以TOD小镇打造，周边有住宅、高端技术性产业、医疗、教育、交通为重点打造。,宝龙城商业，金鼎市场。,海岸延长线，半圆之园景观公园。宝龙城商业,3.0元/㎡,华润物业,2109
珠海市万恒众悦房地产开发有限公司,项目距深珠通道出口1.6km（规划中），双交通便利出行，乘轻轨至前海仅需15分钟（驱车约30 分钟），西临珠海北站约500米，处唐家TOD新城，集“两桥（深珠、深中）、地铁（18号线、2号线）、城轨、有轨电车、高速路、快速路（兴业、金琴快线）”于一身的大湾区交通枢纽地带，未来契机无限。公交：989路，998路，3A路，69路。,礼和小学、北师大附属小学、唐家小学、金鼎小学；中学有：礼和中学、金鼎中学、北师大附中，大学：北师大、北理工、UIC,唐家北围项目整个规划是以TOD小镇打造，周边有住宅、高端技术性产业、医疗、教育、交通为重点打造。,1km范围内涵盖“20万㎡拟建商业地块”，大型商业、办公综合体——大德世贸广场，集大型购物中心、超市、电影院、美食广场等于一体的“宝龙城”。,一线中珠渠河景，向东漫步阳光海岸线，小憩半圆公园，散心红树林湿地、更有乐享6大主题公园萦绕。,3.0元/㎡,万科物业,1453
河南大地集团,珠海北站,容宏幼儿园，礼和小学，,滨海公园，红树林湿地公园,唐家市场，金鼎市场，会所超市，海湾大酒楼,滨海公园，红树林湿地公园，唐家市场，金鼎市场，会所超市，淇澳岛，海湾大酒楼,6.0元/㎡,河南领创,1324
珠海南方软件园发展有限公司,乘K1、K2、K3、10A、10、3A、3、66、68、69到南方软件园站下,礼和小学  金鼎中学  北师大  北理工  ,周边配套：学校：唐家小学、北京师范大学珠海分校附属中学 综合商场：唐家市场，金鼎市场 医院：中大五院 沿街商业、会所、幼儿园,百嘉商场(788米) 、OK便利店(831米) 、汇客超市(1193米) 、百佳超级市场(1350米) 、天广百货(1482米) 、东岸农贸综合市场(1543米) 、Mmz(1712米),唐家共乐园(1462米) 、唐家湾影剧院(2247米) 、新时代电影院(2440米) 、MIN影院(2511米) 、小天才儿童乐园(2511米) 、哈哈乐园(2511米),2.8/㎡,深圳桑达物业发展有限公司,1224
珠海华发房地产开发有限公司,z76、69、k3、3a、3路,北师大珠海附小、附中，三鑫双语学校。,情侣北路唐家湾新城核心片区，周边千米范围内五大主题公园萦绕，郊野公园、体育公园、城市公园、社区公园、滨海公园,华润便利超市，唐家农贸市场。,唐人街，红树林，情侣路、唐家广场，淇澳岛，半岛公园，滨海公园等。,2.5/㎡,珠海市正方综合物业管理有限公司 ,130
珠海正方置业有限公司,2大道-珠海大道、洪湾大道（规划），3高速-广澳高速、西部沿海、江珠高速，4轨-珠机城轨、广江珠澳高铁（规划）、广中珠澳高铁（规划）、深珠高铁（规划），4大桥-珠海大桥、洪鹤大桥、香海大桥（已动工建设）、金海大桥（已动工建设）。项目直接距离350米的广生站公交站，步行需3-5分钟。广生公交站线路共18种线路。,南屏中学、珠海新世纪学校、东方外语实验学校、广生小学、广生幼儿园,紧邻南屏华发商都商圈、保十琴125万㎡商业中心。周边规划约2.6万㎡一级邻里中心，含社区农贸市场3500㎡、社区金融服务类商业1.26万㎡。另外规划约4.75万㎡集中商业中心，其中包括零售业2.75万㎡、酒店2.0万㎡。珠海市妇幼保健院(新院区)，香洲区第二人民医院，珠海市疾病预防控制中心，第三人民医院。,南湾华发商都，十字门华发商都，华润万家超市（分店），广昌百货商场，百分百超市（分店），横琴商业圈。中国邮政储蓄、中国建设银行、中国农业银行、珠海农商银行。,紧邻南屏华发商都商圈、保十琴125万㎡商业中心。周边商业配套：广生商业楼、广生市场、佳佳乐超市、润发生活超市、鹏泰百货。周边规划约2.6万㎡一级邻里中心，含社区农贸市场3500㎡、社区金融服务类商业1.26万㎡。另外规划约4.75万㎡集中商业中心，其中包括零售业2.75万㎡、酒店2.0万㎡。,3.0元/㎡,正方物业,2158
珠海市澳杰置业有限公司,项目门口是北山公交站（14.87.60.82.86路），接驳港珠澳大桥上桥口，10分钟直达拱北口岸、湾仔口岸，15分钟直达横琴口岸、澳门氹仔，金琴快线。,无学位,近华发商都，南屏海鲜街，华发新天地商圈,华发商都，华润万家，天朗海峰，南屏牌坊，富华里等,华发商都，竹仙洞公园，华发新天地，北山公园，前山河公园等,5.0元/㎡,广州海印又一城管理有限公司,11
骏宸房地产,四条高速路网：从项目出发，5分钟进入高速路网(珠三角环线高速、江珠高速、广珠西线高速、西部沿海高速等)形成一小时粤港澳经济生活圈；两条轻轨：广珠城轨和珠机城轨；从项目出发可10分钟抵达城轨拱北站，往北直通广州换乘进入全国高铁网，往南经广珠城轨延长线到横琴站无缝换乘澳门（横琴站已通车，澳门站接驳口规划待建）途径长隆，终点到达珠海机场；五个口岸：从项目出发可5－10分钟车程到达拱北口岸、青茂口,4、教育配套本项目周边有三所幼儿园（宝艺幼儿园、容闳幼儿园、钰海国际幼儿园）小学有甄贤小学，市一级23班，距离项目500m的距离，甄贤小学是我国第一位留美博士、教育家、政治活动家容闳先生于1871年倡办的，这座学校校风良好，桃李满天下，走出了许多科学家、医学家、革命者。中国第一个世界冠军容国团也是甄贤学校的学生，因片区的升级改造和发展，现已在建设新的南屏小学；中学有南屏中学，市一级24班，距离项目,紧邻珠海大道，地处珠海主城区，享受主城区成熟配套，交通便利。近华发商都，南屏海鲜街，华发新天地商圈。,体量最大最高端的南湾商圈就在项目对面，南湾商圈重点介绍一下华发商都:华发商都是集高端精品超市、3D巨幕影院、潮流数码、国际名品、时尚服饰、高端餐饮、酒窖酒庄等功能于一体，荟萃国际名品，铸珠海规模最大、业态最丰富、档次最高的大型购物中心。下楼步行10分钟即可达华发商都，带上您的爱人和孩子，逛街休闲娱乐看电影等都非常的方便。,4、休闲娱乐配套及自然资源  北山大院、北山社区公园、竹仙洞公园、竹仙洞高尔夫球场、8000㎡消防主题公园、黑白将军山就在项目旁边，您可以享受茶余饭后下楼就到公园休闲散步，周末约上朋友来一场高尔夫，清晨爬个将军山等 尊享成功人士的生活方式。,0.0元/㎡,龙光物业,2176
珠海市绿景东桥投资有限公司,项目位于珠海城市中轴，15分钟内通达主城区，30分钟内连接城市东西（唐家和西区）；5分钟内抵达轻轨站，15分钟内抵达九州港码头、港珠澳口岸、拱北口岸等，20分钟通达横琴口岸、洪鹤大桥，真正实现一小时大湾区生活圈。公共交通配套：项目配建公交车首末站；周边公共交通路网发达，33条公交线路，通达珠海全市各区，附近公交车站：华发新城站、东桥站、茂丰路中站。周边重要交通线路：金琴快线、港珠澳大桥、珠,伟才国际幼儿园、容闳国际幼儿园、容闳学校、第十一中学、一中附属实验学校、容闳书院、德威国际高中,毗邻山、河、城景，多维度的立体交通网络，完善的顶级配套设施，拥有与生俱来的豪宅属性。,华发商都、中海环宇城（预计2021年9月底开业）、富华里、华发新天地、玖洲道、海印又一城,澳门回归纪念公园  望牛石公园  前山河  前山滨河公园 竹仙洞   黑白面将军山,4.5元/㎡,深圳市绿景物业,2181
,规划约2000㎡公交首末站，享受家门口的公共交通接送,规划2所12班幼儿园及1所36班小学，周边有广生小学、南屏中学等市级名校，理想文教居住区。规划约3000㎡社区体育公园，满足住户绿氧健康生活。,配建约7.8万㎡现代化湖景园林、约1000㎡音乐喷泉大湖，约3000㎡多功能健身乐园,规划约4.75万㎡全能商业中心，集休闲娱乐、购物饮食、酒店商旅等业态为一体,规划约2.6万㎡繁华邻里中心，满足吃喝玩乐等娱乐休闲生活所需，一站式生活服务,0.0元/㎡,金碧物业,2148
,,,,,,,,1279
珠海隆晟房地产开发有限公司,临近珠海大道、洪湾大道；广澳高速、西部沿海、江珠高速；珠海大道主公交站：公交信禾物流，多路公交车站点,广昌小学、广生小学、同昌小学以及（南屏中学、广生中学、同昌中学，水岸容闳幼儿园等, 珠海市新妇幼保健院（南院区）(距离项目1.1km)。项目总投资约12.25亿元，新慢性病防治中心(距离项目1.1km)项目总投资约9.25亿元，香洲区第二人民医院等等,广生、广昌商业广场、华发商都、水岸商业街等同时目前整个区域规划了邻里中心6处、博物馆文化活动中心2处、教育设施20处，公园以及体育设施近10处,南屏商业中心、华润万家、华发新天地商业中心、华发商都；南屏中学、珠海珠海容闳学校；容闳广场、南屏文化广场、北山广场、竹仙洞公园、世纪城酒吧街等,3.0元/㎡,华发一级物业,2120
珠海赛隆国际投资有限公司,位处珠海大道旁&amp;金琴快线落脚口，八桥三高两快一隧，多维交通网络，通达4大口岸，1小时接驳港澳国际生活圈。,8所小学（容闳团小学、雅景小学、甄贤学校、南桥小学、甄贤小学、南湾小学、弘华小学、杨匏安纪念学校、4所初中（曾正中学、容闳书院、珠海十三中、南屏中学规划中）、1所高中（德威国际高中）,项目临近前山滨河公园、竹仙公园等,南屏华发商都、V12创意园、BOX创意园、北山社区商业、规划壹城中心、海印又一城、在建来来时代广场、在建南湾假日广场,项目临近前山滨河公园、竹仙公园等,4.9元/㎡,金地物业,2279
珠海丰泽企业企划有限公司,一步通港澳一桥到横琴，中心最后拼图。珠海心脏地段，全球资本高效互联，高能级科创产业基地与成熟中心区环绕周边，是珠海留白最久的土地、市中心最后一片尚未开发的新兴商务区，以最高规格进行城市规划，承载政府的最高期望。东连老城区15分钟可到拱北口岸，往北15分钟能到高新区，西连鹤洲新区15分钟直达西部中心城，往南经洪湾大道（建设中）直达横琴一体化区，经横琴二桥直通横琴；15分钟直达港珠澳大桥口岸,南屏中学、甄贤小学、容国团小学、容闳学校等教育资源配套环绕；,最强城市配套奢享，未来城市生活样本；近享珠海市妇幼保健院南院区、珠海市第三人民医院、香洲区第二人民医院等丰富医疗资源；洪湾渔港主题公园、滨江情侣路、将军山森林公园等绿色生态。,5-10分钟车程最强城市生活圈，举步即达南屏华发商都、金湾华发商都等商圈、华发水岸新天地,洪湾渔港主题公园、滨江情侣路、将军山森林公园等绿色生态。,3.9元/㎡,北京缦合,2277
珠海再生时代投资置业有限公司,15、16、82、86、25、34等，南泰明湾站、科技新村站、攀云购物公园站等,欢乐岛幼儿园、珠洲幼儿园、珠海东方外语实验学校、南屏曾正中学,临近珠海最大商圈华发商都，衣食住学全方位覆盖，生活圈醇熟。观山揽河，全景生态办公！,1华发商都、南屏街口、华润万家2客家楼食府、寻味湘时尚餐厅、华发商都内美食3四季佳景酒店、银海湾大酒店鑫泰丰酒店,1竹仙洞公园、高尔夫球场、南屏水库、绿湖公园.2阅潮书店,11.8元/㎡,金地物业,2167
碧桂园华发联合开发,201、202、204、207、45、601、601B、602、602A、603、605、609、B1、B2、B3,南屏中学、广昌小学、同昌小学（在建）、同昌中学（在建）,位于珠海大桥东，西江江畔，紧邻成熟大型小区华发水岸，是不可多得的滨江豪宅。,华发商都、华发水岸3.6万平米商业街、香洲府5500平米商业,华发商都、华发水岸3.6万平米商业街、滨江湿地公园（在建）,3.0元/㎡,碧桂园物业,1271
珠海隆晟房地产开发有限公司,23、16、201、202、204、207、25、34、45、601B、601、602A602、603、605、608、609、80、81、83、86、B1、B2、601C,容闳学校、广昌小学、广生小学、南屏中学,南屏商业中心、华润万家、华发新天地商业中心、华发商都；南屏中学、珠海珠海容闳学校；容闳广场、南屏文化广场、北山广场、竹仙洞公园、世纪城酒吧街；香洲第二人民医院等,华润万家、华发商都、南屏商业中心,容闳广场、南屏文化广场、北山广场、竹仙洞公园、世纪城酒吧街,3.0元/㎡,华发物业,1169
珠海市香洲北山实业有限责任公司,连接澳门、横琴、西区、金湾区、中山坦洲的交通枢纽， 其周边的交通主干道有：珠海大道、南湾路、前山立交桥、昌盛大桥、港昌路、九州大道、G94广澳高速、珠港澳大桥连接线等,容闳书院、容闳国际幼稚园、蓝天海洋幼稚园、容闳小学、德威高中、夏湾小学、拱北小学、拱北中学、南屏中学、珠海曾正理工学校、东方外语实验学校,南湾片区位于市区、西区、横琴经济特区的交通咽喉处，北通前山、坦洲；南接湾仔、横琴；西达金湾、斗门；东连拱北、澳门。凭借着完善的规划布局，不仅有山有河，更成为了珠海市区内不可多得的国际化大型低密度社区，且有珠海市区最宜人居的美誉。随着珠海城市空间重心的南移，南湾将成为未来珠海的新城市中心,外婆湾餐厅、粤海轩、大长今韩国料理、天鹅东北饭馆、我的朋友意大利餐厅、鸿桃会燕鲍翅、波图西餐厅、919西餐厅、吉利尼新加坡餐厅、千登世日本料理、大西洋西餐厅、晶彩主题餐饮、云岭菌香餐厅、蛇平饭店、卡慕世家红酒西餐厅、红芒果泰国餐厅……华润万家超市、MOLL4层商业购物城、十万平米的华发商都、华发新天地商业街。,华发商都，华发世纪城商圈，竹仙洞公园，竹仙洞高尔夫，华润万家大型商场，南屏海鲜街,3.0/㎡,金地物业管理有限公司,7
中海,1城轨，2大桥，2隧道，3机场，4口岸，湾区超级交通枢纽，1站城轨到横琴，30分钟通港澳，24小时通关澳门, 区域规划10所学校，3所幼儿园、3所小学、3所初中、1所高中,自带商业街区，顶级配套环伺，片区10所学校、7公里范围3大医院，3大生态公园，下楼情侣路，畅享都会繁华生活。,1公里范围，超17万㎡十字门商都、珠海中心大厦（330米）、横琴国际金融中心（333米）、澳门观光塔三大地标交相辉映，共同形成琴澳地标, 喜来登酒店、瑞吉酒店、珠海国际会展中心、珠海中演大剧院等千亿配套，均已开业运营，所见即所得。珠海网红打卡点横琴长隆乐园、横琴花海长廊、游艇码头等文旅配套在周边。,4.5元/㎡,中海物业,2205
珠海正汉置业有限公司,南临南湾大道、情侣路延长线、轻轨延长线；西连横琴大桥、西连南琴路接广珠西线高速、洪鹤大桥和珠海大道；北沿南湾大道连昌盛大桥接拱北黄金商圈、南湾立交和港珠澳大桥延长线。轻轨站(湾仔),湾仔小学、湾仔中学、北大希望之星实验学校,湾仔海鲜街、湾仔码头、湾仔口岸、湾仔城轨站、妈阁隧道、十字门会展中心、十字门商都,十字门华发商都，湾仔华发新天地，中富商业，保利时代商业，华发邻里中心,喜来登酒店、瑞吉酒店、长隆海洋王国、狮门娱乐天地、星乐度,3.0元/㎡,华发物业,2189
珠海弘璟投资有限公司,项目南临南湾大道、已开通的情侣路延长线和建设中的轻轨延长线；西连横琴大桥、接莲花大桥与路氹城相连；西连南琴路接广珠西线高速和珠海大道；北沿南湾大道连昌盛大桥接拱北黄金商圈、拱北口岸和广珠轻轨总站，或接珠海大道、珠海大桥往珠海西区、机场及江珠高速方向，还有在建的南湾立交和港珠澳大桥延长线。基地东侧及项目内市政道路已开工，挂牌文件公告将于2015年底陆续通车；南侧为南湾大道及轻轨站(在建)；西边为临时,湾仔小学、湾仔中学、北大希望之星实验学校、澳门大学；,本项目位于珠海市香洲区南屏镇规划中的十字门商务区湾仔片区，基地南接南湾大道，西侧紧邻通航一路，东侧为会展四路，北侧为景秀二路；该地块紧邻珠海保税区，位于保税区和十字门商务区的交汇处，是通过横琴大桥去往横琴自贸区的必经之地，，距澳门岛仅有一水之隔，交通便利；项目周边依次规划有：湾仔口岸、保税区、洪湾物流贸易区、横琴十字门中央商务区、港珠澳大桥延长线南湾出口、广珠城轨湾仔站（地下建,十字门国际会展中心 商业：华发新天地商圈、华发商都；,十字门国际会展中心 商业：华发新天地商圈、华发商都）；,3.0元/㎡,时代物业,76
珠海十字门中央商务区建设控股有限公司,"城轨接驳专线,金琴快线，公交车61,62,14，k10,87，z30，k11,826-3,89",湾仔中学，湾仔小学，北大希望之星小学，十字门小学,十字门商都，国际会展中心，瑞吉酒店，喜来登酒店,十字门华发商都，保利时代商业,喜来登酒店，瑞吉酒店，十字门华发商都,3.0元/㎡,华发物业管理,2101
珠海华桐房地产开发有限公司,位于轨道交通1号支线、2号线、4号线交汇点旁；紧邻珠澳城市轨道交通，一站到横琴口岸；紧邻港珠澳大桥支线落脚点，上桥直连澳门机场、珠海机场、香港机场；,项目自带幼儿园、哈罗公学、容闳学校、澳门大学、十字门小学、首师大横琴伯牙小学、横琴第一中学、横琴第一小学、湾仔小学；,中央公园、十里花海长廊、芒洲湿地公园、马骝洲森林公园；,项目自带印象城、十字门华发商都、励骏友谊广场、狮门娱乐天地、横琴万象城，,长隆海洋王国、东方高尔夫球场、星乐度小镇、澳门观光塔,3.0元/㎡,万科物业,2164
双瑞集团,14路 5路 60路 61路 62路 86路,湾仔中学，湾仔小学，鸿景小学，北大希望之星实验学校,出门畅享情侣西路，醉人浪漫海岸线，马骝洲森林公园，加林山公园，湾仔体育休闲公园，濠江头排叠景豪宅,湾仔市场  华发商都   华发商都十字门华发商都（规划中）,湾仔旅游码头   咫尺近享竹仙洞名人高尔夫球场，闲暇时光，尊享清风阳光，品味高端雅趣与不凡格调,5.0元/㎡,双瑞物业,1357
珠海市万彩都会房地产开发有限公司,位于轨道交通1号支线、2号线、4号线交汇点旁；紧邻珠澳城市轨道交通，一站到横琴口岸；紧邻港珠澳大桥支线落脚点，上桥直连澳门机场、珠海机场、香港机场；,都会四季幼儿园、哈罗公学、容闳学校、澳门大学、十字门小学、首师大横琴伯牙小学、横琴第一中学、横琴第一小学、湾仔小学；,中央公园、十里花海长廊、芒洲湿地公园、马骝洲森林公园；,自带2万平米澳门风情商业街、印象城、十字门华发商都、励骏友谊广场、狮门娱乐天地、横琴万象城，,长隆海洋王国、东方高尔夫球场、星乐度小镇、澳门观光塔、湾仔海鲜街,3.0元/㎡,万科物业,2252
百家达置业有限公司,项目距离横琴口岸，拱北口岸，距离市政府。周边有港珠澳大桥延长线、广澳高速、马骝洲隧道、横琴大桥、横琴二桥、洪鹤大桥、金海大桥、城际轻轨等。保税区内有61路、Z30路公交车线路,容闳学校 哈罗礼德公学,鹤州新区（洪湾。保税区、十字门区）交汇，西面洪湾港正在建设中，九洲港货运码头将搬迁至洪湾港。未来，洪湾港将形成内外贸结合的全能物流通道，并逐步发展成为珠港澳的货物中转港和区域性物流中心。,十字门华发商都 顺富超市，洪湾文化广场超市，鸿运百货，四海超市,4.5万方印象城 2万平葡式商业街,4.5元/㎡,一级物管“历思联行”,97
华发集团,"北山,南泉路口(香洲第二医院),南屏,南屏大桥西,华发新城,南屏街口,北山(华发商都),奥特美会所,南屏大桥,公交柏宁机动车驾驶员培训公交线路：601路,k7路,k9路,201路,k5路,609路,15路,城轨接驳专线,25路,605路,207路,45路,603路,601b路,61路,83路,81路,南屏坪岚路65号Ａ2区域一楼6号商铺,5路,601路夜间专线,b2路,k8路,204路,2",湾仔中学，湾仔小学，北大希望之星小学，典培幼儿园，华生幼儿园,占地面积：69000平方米建筑面积：207000平方米容积率：3.00  绿化率：35%停车位：共2066个停车位楼栋总数：14栋总户数：2176户,湾仔华发商都，湾仔华发新天地，中富商业，保利时代商业,喜来登酒店，瑞吉酒店，希尔顿酒店,4.0元/㎡,华发物业,40
珠海熊谷房产发展有限公司,湾仔口岸、湾仔码头、湾仔旅游码头、南湾南路上公交线路、在建中的港珠澳大桥延长线、在建中的情侣路延长线、在建中的广珠轻轨延长线等。拱北口岸、湾仔口岸和横琴口岸环伺周围，通关澳门方便快捷。,南湾幼儿园、典培幼儿园、容宏学校、珠海容闳国际幼稚园、湾仔小学、湾仔中学、北大希望之星实验学校、澳门大学,项目用地周边有银辉花园住宅楼、银华商务酒店，项目西侧南侧华发项目用地，北侧湾仔城区改造项目名叫华发峰景湾，附近的城市功能比较完善。项目北面为昌盛桥及前山河道，可以独享河海汇集独特景观，南面是十字门国际会展中心、十字门中央商务区区域，从项目不仅可以看到十字门的完整夜景，同时沿南湾南路，即可享受十字门核心商业圈配套以及国际,华发商都、十字门核心商业圈,凯旋门广场、在建中的海边情侣路延伸段、小区配有架空层休闲区、组团花园、特点园林水景、度假式园林游泳池（目前湾仔片区唯一带私家泳池的小区）。,5.5元/㎡,戴德梁行物业管理,15
珠海南航房地产开发有限公司,位于轨道交通1号支线、2号线、4号线交汇点旁；紧邻珠澳城市轨道交通，一站到横琴口岸；紧邻港珠澳大桥支线落脚点，上桥直连澳门机场、珠海机场、香港机场,都会四季幼儿园、哈罗公学、容闳学校、澳门大学、十字门小学、首师大横琴伯牙小学、横琴第一中学、横琴第一小学、湾仔小学,中央公园、十里花海长廊、芒洲湿地公园、马骝洲森林公园,印象城、十字门华发商都、励骏友谊广场、狮门娱乐天地、横琴万象城，南屏华发商都,长隆海洋王国、东方高尔夫球场、星乐度小镇、澳门观光塔,4.3元/㎡,中海物业管理有限公司,2025
珠海市建龙通关物流有限公司,十字门站，横琴口岸站，珠海机场。上港珠澳大桥直达香港，相对便利。,,朗廷广场场坐拥着一流的景观资源。从项目出发可以抵达情侣路，在项目观看情侣路景观可以说是览余，同时还能将澳线璀璨夜景以及毫无遮挡的江景、桥景，都尽收眼底,,从项目出发可到达商务区，去华发商都，喜来登酒店，珠海国际会展中，华发剧院等都分的便利。同时项享受着横琴的娱乐配套，通过横琴大桥，可到达豪华的游艇中——法拉第游艇亚太中；可抵达高尔夫球场——东尔夫球场；可去往长隆海洋王国。,4.9元/㎡,仲量联行,63
佳兆业,14路，86路，5路，6路 60路 61路,湾仔中学，鸿景小学，北大希望之星实验学校，哈罗礼德国际学校（建设中）,出门畅享情侣西路，醉人浪漫海岸线，马骝洲森林公园，加林山公园，湾仔体育休闲公园四大公园绿肺环绕,得一超市 ，湾仔市场  华发商都十字门华发商都（规划中）,湾仔旅游码头   佳兆业水岸华都咫尺近享竹仙洞名人高尔夫球场，闲暇时光，尊享清风阳光，品味高端雅趣与不凡格调,3.0元/㎡,佳兆业物业,1322
珠海鸿运置业有限公司,项目距离横琴口岸，距离拱北口岸，距离市政府。周边有港珠澳大桥延长线、广澳高速、马骝洲隧道、横琴大桥、横琴二桥、洪鹤大桥、金海大桥、城际轻轨等。保税区内有61路、Z30路公交车线路,湾仔小学，湾仔中学，横琴小学，横琴中学,三区（保税区、十字门区、横琴自贸区）交汇，西面洪湾港正在建设中，九洲港货运码头将搬迁至洪湾港。未来，洪湾港将形成内外贸结合的全能物流通道，并逐步发展成为珠港澳的货物中转港和区域性物流中心。,顺富超市，洪湾文化广场超市，鸿运百货，四海超市,横琴长隆海洋王国，国际会展中心，湾仔海鲜街,4.8元/㎡,保利（一级资质）,1275
泰禾地产,公交路线：Z30，K11，14，61，86。附近港珠澳大桥，金琴快线落脚点，广珠西线,湾仔小学，湾仔中学，横琴小学，横琴中学,项目周边主要为保税区内企业及改造项目，东侧近横琴大桥，西侧横琴二桥及在建的马溜洲隧道,泰禾泛娱乐一体化体验街,湾仔旅游码头，国际会展中心，湾仔海鲜街,5.0元/㎡,泰禾物业,135
奥园地产,独享港珠澳大桥桥头资产，无缝连接十字门中央商务区，马骝洲隧道、横琴二桥,横琴小学、耀华国际幼儿园、横琴幼儿园、产学联盟、澳门文化创意园,高层塔楼沿北侧，西侧，东侧三个方向U型布置，打开南侧视野，形成丰富的城市天际线。,独享港珠澳大桥桥头资产，无缝连接十字门中央商务区,,4.3元/㎡,奥园物业,85
奥园地产,1.轻轨：紧邻广珠轻轨十字门站，横琴口岸，珠海机场2.大桥：横琴大桥、港珠澳大桥第二出口、双桥头堡位置3.口岸：拱北口岸，横琴口岸4.高速：京港澳高速，港珠澳大桥连接线、江珠高速、广澳高速、西部沿海高速、珠三角环线高速、广珠西线高速、金琴快线,横琴一中、横琴容闳学校、横琴容闳高中、横琴中心幼儿园,横琴大桥、港珠澳大桥双桥头堡位置，区域封面资产，距离十字门中央商务区，与横琴自贸区一桥之隔，坐拥十字门商务区千亿资源配套，更享横琴自贸区的经济发展红利,项目自带商业入住 华发商都二期,长隆海洋王国、法拉帝游艇中心、澳门银河娱乐、横琴狮门娱乐天地、,4.5元/㎡,奥园物业管理公司,1341
珠海奇泰置业,公交路线：Z30，K11，14，61，86。附近港珠澳大桥，金琴快线落脚点，广珠西线,湾仔小学，湾仔中学，横琴小学，横琴中学,项目周边主要为保税区内企业及改造项目，东侧近横琴大桥，西侧横琴二桥及在建的马溜洲隧道,华发商都，华发世纪城，横琴境内商业,湾仔旅游码头，国际会展中心，湾仔海鲜街,4.7元/㎡,金地物业,69
珠海民商互联网金融大厦开发有限公司,①港珠澳大桥横跨三地，直达香港，其中一个出口设在横琴，其余出口设在南湾立交和洪湾立交，横琴亦成为唯一陆路连接港澳两地的自贸区。②珠海城际轻轨起点设在拱北轻轨站，首期在横琴设三个站点（金融岛、口岸、长隆），直达拱北，其中口岸站将无缝连接澳门轻轨。,横琴小学、横琴幼儿园、横琴学校（九年一贯制）、横琴一中、澳门大学横琴校区,项目位于横琴大桥南侧，处于“三片十区”中的中央商务区。该区以金融、商务服务为代表的现代产业体系在中央商务区成为重要发展导向，依靠港澳注入顶尖的企业，将打造成大陆金融对外开放的新窗口。目前中央商务区内的写字楼项目有高金中国总部，南方国际金融传媒大厦、横琴国际金融中心大厦、中交金融大厦、中国铁路金融大厦等,横琴进口商品展销体验中心,长隆海洋度假区、小横琴山森林公园、大横琴山森林公园、天湖自然风景区、横琴蚝生态园、湾仔竹仙洞等旅游景点,0.0元/㎡,,114
富力地产,公交路线：Z30，K11，14，61，86。附近有港珠澳大桥，金琴快线落脚点，项目东经南湾大道或者加林山隧道可方便到达主城区各区域，快速接驳广珠轻轨珠海站、九州港码头；南面与横琴自贸区仅一桥之隔，经马骝洲水道（2017年11月13日已贯通，2018年夏季通车）或横琴大桥过横琴口岸再进入澳门。未来洪鹤大桥的建成将拉近保税区与金湾西湖城区的距离，共享区域升值，快速即可到达金湾机场。,保税区第一小学、保税区中学。保税区规划配建3处幼儿园，除居住配套区中部的幼儿园独立占地外，其他2处幼儿园均为附设，分布在中部居住小区和连屏居住小区； 规划小学1处，位于居住配套区A204a03管理单元，规模为36班；规划初中1处，位于居住配套区A204a03管理单元，规模为24班。,项目所在保税区北靠黑白面将军山，南临马骝洲水道，自然景观条件优越。情侣西路马骝洲水道景观带，景观环境良好、舒适宜人。人气兴旺的滨水景观带以山为脉、以水为形，形成多条通廊、层次丰富、立体化的开放空间体系。合理的空间布局，互动的城市功能，独具特色的地标空间，多元化的景观环境和多元人文特色的社区，让这里的街区具有尺度宜人和舒适的步行环境。,富力优派商业广场附近，在宝顺路南侧，宝利路西侧规划配建1处一级邻里中心，用地面积为14080平方米，用地性质为商业设施、文化设施和公共交通设施混合功能用地。包含主要功能为肉菜市场、社区商业设施、居住区级文化中心、公交首末站、门诊部和一级邻里中心其他功能。,可以去湾仔旅游码头，国际会展中心，湾仔海鲜街，同时保税区规划居住区公园有3处，其中南湾大道东门户区1处、莲屏村居住区1处、横琴第三通道以西、宝南路以南1处；规划有小区游园2处，分别位于宝顺路南侧和宝南路南侧临马骝洲水道；规划有1处市民广场，位于南湾大道东门户区，面积为2.17公顷。整体城市设计、建设兼具保税物流与商业商贸、滨水居住功能为一体的山、水、城、绿相互交融、层次分明、疏密相宜、网络高效的滨,5.0/㎡,天力物业,1156
横琴巨汇投资有限公司,交路线：Z30，K11，14，61，86。附近港珠澳大桥，金琴快线落脚点，广珠西线,湾仔小学，湾仔中学，横琴小学，横琴中学,项目周边主要为保税区内企业及改造项目，东侧近横琴大桥，西侧横琴二桥及在建的马溜洲隧道，北面紧邻西线高速，珠三角环线高速。,华发商都，华发世纪城，横琴境内商业,湾仔旅游码头，国际会展中心，湾仔海鲜街，喜来登酒店，横琴长隆海洋公园,4.5/㎡,珠海市宇轩物业管理,1240
珠海市哈希网络科技有限公司,62，86，14，61，Z30，K11,湾仔小学，湾仔中学，横琴小学，横琴中学,富力&#183;泰禾&#183;奥园等品牌小区环围，港珠澳大桥落脚点，,三口岸：项目周边10分钟车程内有三大口岸，横琴口岸、湾仔口岸、拱北口岸，可快速到达澳门。最大商业街十字门CBD商业并且横琴口岸是目前珠海第一个也是唯一一个24小时通关的口岸，保税区与横琴之间一条新的道路——马骝洲海底隧道已全线贯通，10月即将通车。且距离项目仅2分钟，开通后进出横琴将更加便利。项目周边的交通选择性也很多，通过京珠高速，西部沿海高速，港澳高速可以快速融入珠三角各个,横琴长隆，石博园，会展中心,4.8/㎡,保利物业,1222
珠海市碧桂园房地产开发有限公司, 5路（湾仔-凤凰北）;14路（长隆-凤凰北）;60路（湾仔-吉大总站）;61路（保税区-前山总站）;62路（圆明新园-横琴关口）;86路（南屏科技园-长隆）;k10路（吉大总站-长隆）;k11路（香洲汽车站-长隆）；,幼儿园：新源幼儿园，科教中心幼儿园，珠海容闳国际幼稚园；小学：湾仔小学、鸿景小学；容闳小学（华发新城内）；中学：湾仔中学、德威高中等；容闳书院（华发新城内）；,前水背山，紧邻情侣路与前山河，远眺南海，夜晚还可以欣赏澳门夜景。背靠城市绿肺黑白面将军山森林公园，总面积24.75 平方公里，山上的银坑水库为专供澳门水源地,华发新天地，国际会展中心，华发中演大剧院，华发商都，华发新天地，华发中演大剧院、喜来登酒店、希尔顿酒店，铂尔曼酒店、湾仔海鲜街,长隆国际海洋王国，珠海横琴国际网球中心，竹仙洞公园，白面将军山，北山文化广场,4.5/㎡,广东碧桂园物业管理有限公司,20
佳兆业,乘坐5、14、60、61、62、K10路公交车分别在湾仔口岸、鸿景花园站下车均可到达项目,湾仔小学、湾仔中学、南湾幼儿园、典培幼儿园,湾仔医院、中国邮政、湾仔邮局,成德商行、湾仔市场、快乐万家百货,宽记、丰华渔港、百里鲜、海仪美食楼,13.0/㎡,佳兆业,8
珠海保税区利是达置业有限公司,项目交通体系概况1）5分钟直达横琴关口， 24小时通关澳门；2）港珠澳大桥出口200米，30分钟直达香港；3）未来广珠轻轨延长线将接驳至横琴，经由广珠轻轨1小时直达广州；4）30分钟由规划中的深中大桥（2015年年底开工建设，2021年通车），30分钟直达深圳；5）经金海大桥（计划2015年动工建设，2019年通车），20分钟达珠海金湾机场；6）经广珠西线、京珠高速等交通网,澳门大学、横琴小学、耀华国际幼儿园、横琴幼儿园、产学联盟、澳门文化创意园、 北大希望之星实验学校,项目东面澳门西湾、十字门水道、金融岛、十字门国际会展中心、喜来登酒店、瑞吉酒店、希尔顿酒店、华发新天地；南面马骝洲水道、横琴新区和大小横琴山；西面为保税区和马骝洲水道；北面为加林山。,莲邦广场、横琴商业步行街、香洲埠文化院街,游艇产业服务基地、东方高尔夫球场、横琴国际网球中心、长隆度假区、丽新星艺文创天地、横琴滨海湿地修复工程、长隆海洋度假区、小横琴山森林公园、大横琴山森林公园、天湖自然风景区、横琴蚝生态园、湾仔竹仙洞等旅游景点,8.0/㎡,第一太平戴维斯,14
华发,交通横琴口岸、横琴大桥、横琴二桥、珠机城规（建设中）、联澳隧道（规划中）、琴澳轻轨（建设中）、金琴快线等,中小学哈罗公学、容闳公学、威雅公学、横琴一小、横琴一中、横琴幼儿园、伯牙小学、子期幼儿园、子期小学等,横琴金融岛CBD，珠海国际会展中心，小横琴山，大横琴山，澳门,励骏庞都广场，横琴购口岸商业广场，中央汇商业广场、华发广场商业广场、金融岛中央公园商业广场、,长隆海洋王国，星乐度露营小镇，狮门娱乐中心，三叠泉度假中心，紫檀文化博物中心，十里花海长廊，石博园，珠海横琴国际网球中心,3.0元/㎡,华发物业,2297
龙光地产,公交路线：Z30，K11，14，61，86。附近港珠澳大桥，金琴快线落脚点，广珠西线,湾仔小学，湾仔中学，横琴小学，横琴中学,项目周边主要为保税区内企业及改造项目，东侧近横琴大桥，西侧横琴二桥及在建的马溜洲隧道,华发商都，华发世纪城，横琴境内商业,湾仔旅游码头，国际会展中心，湾仔海鲜街，喜来登酒店，横琴长隆海洋公园,4.5元/㎡,龙光物业,1234
华发,交通横琴口岸、横琴大桥、横琴二桥、珠机城规（建设中）、联澳隧道（规划中）、琴澳轻轨（建设中）、金琴快线等,中小学哈罗公学、容闳公学、威雅公学、横琴一小、横琴一中、横琴幼儿园、伯牙小学、子期幼儿园、子期小学等,横琴金融岛CBD，珠海国际会展中心，小横琴山，大横琴山，澳门,励骏庞都广场，横琴购口岸商业广场，中央汇商业广场、华发广场商业广场、金融岛中央公园商业广场、,长隆海洋王国，星乐度露营小镇，狮门娱乐中心，三叠泉度假中心，紫檀文化博物中心，十里花海长廊，石博园，珠海横琴国际网球中心,3.0元/㎡,华发物业,2244
珠海十字门中央商务区建设控股有限公司,&quot;综合交通体系一小时通达湾区。海陆空轨港五维综合交通体系，一小时即可通达湾区；澳门轻轨延长线将连接横琴口岸，现已动工。港珠澳大桥，横琴大桥双跨海大桥，广珠轻轨延长线金融岛站，机场城轨，横琴口岸；珠海机场，澳门机场，香港机场三大机场等涵括海陆空立体交通&quot;							,&quot;1.横琴哈罗礼德公学，已开学；2.容闳公学进驻横琴，已开学；3.横琴子期实验幼儿园（公立），目前已在启用；4.横琴子期实验小学（公立），目前已在启用；5.首都师范大学伯牙小学（公立），横琴新区首次与国家&quot;&quot;双一流&quot;&quot;大学——首都师范大学联姻&quot;&quot;办学，目前已在启用；6.横琴威雅公学，校区目前正在建设中，是横琴第一家国际女子公学；7.澳门大学横琴校区，面积较老校区扩大了约20,横琴金融岛中央公园、十里花海长廊、,励骏庞都广场、横琴购口岸商业广场,珠海横琴长隆国际海洋度假区（由海洋王国、横琴国际马戏城组成）、星乐度&#183;露营小镇、狮门娱乐天地（全球首座狮门影业国际电影主题乐园）、国家地理探险家中心、横琴国际网球中心、横琴东方高尔夫球场、横琴花海长廊（珠海新晋网红打卡点）、芒洲湿地。							,3.0元/㎡,华发,2250
珠海横琴丽新文创天地有限公司,港珠澳直通巴士总站，14路，k10路，89路，Z53路,横琴中小学，哈罗礼德,华发国际网球中心，紫檀博物馆，香洲埠文化院街，横琴万象世界，长隆海洋王国等，彩虹生活广场、来来梦幻世界,彩虹生活广场、来来梦幻世界,华发国际网球中心，紫檀博物馆，香洲埠文化院街，横琴万象世界，长隆海洋王国等，彩虹生活广场、来来梦幻世界,0.0元/㎡,创新方商业管理有限公司,2282
中冶名恒置业有限公司,*项目四至：北依琴海北路，东临千福道，南邻环岛北路，西至千寿道！港珠澳大桥横跨三地，全长为49.968公里，直达香港，已通车，其中一个出口设在横琴，其余出口设在南湾立交和洪湾立交，横琴亦成为唯一陆路连接港澳两地的自贸区。②珠海城际轻轨起点设在拱北轻轨站，首期在横琴设三个站点（金融岛、口岸、长隆），全长约17公里，直达拱北，其中口岸站将无缝连接澳门轻轨。,自带30个班的公立小学，横琴小学、横琴幼儿园、横琴学校（九年一贯制）、横琴一中、澳门大学横琴校区,英国威雅公学、法拉帝游艇亚太中心、长隆国际海洋度假区、东方高尔夫、麻省总院中国医院等国际配套,横琴进口商品展销体验中心,长隆海洋度假区、小横琴山森林公园、大横琴山森林公园、天湖自然风景区、横琴蚝生态园、湾仔竹仙洞等旅游景点,5.5元/㎡,中冶物业  ,1247
珠海市整合置业有限公司,公交路线：Z30，K11，14，61，86。附近港珠澳大桥，金琴快线落脚点，广珠西线,湾仔小学，湾仔中学，横琴小学，横琴中学,项目周边主要为保税区内企业及改造项目，东侧近横琴大桥，西侧横琴二桥及在建的马溜洲隧道,娱乐一体化体验街,湾仔旅游码头，国际会展中心，湾仔海鲜街,5.0元/㎡,碧桂园物业管理有限公司,1300
珠海横琴富昌盛实业发展有限公司,上村巴士公交站（87路 琴海西路总站-前山总站，z51b路横琴口岸西-桂风道路口，z52路向阳东站-深井长隆基地站， ）,横琴幼儿园，横琴小学，横琴一中，哈罗国际公学，伯牙小学,项目对面的横琴检察院，人民法院，市民服务中心，东侧有励骏友谊广场,,励骏友谊广场，南接市政绿化公园，天沐琴台，紫檀文化中心，创新方,6.8元/㎡,第一太平戴维斯,1345
广东新三联投资发展有限公司,①港珠澳大桥横跨三地，横琴亦成为唯一陆路连接港澳两地的自贸区。②珠海城际轻轨起点设在拱北轻轨站，项目周边遍及五大国内、国际机场。广珠城轨延长线横琴新区金融岛站、K11、K10、14、86、62,横琴幼儿园、横琴小学，横琴中学，澳门大学横琴校区,比邻金融岛站，城轨站上物业，一湾双城三江，丰富景观资源，比邻游艇码头，约6万㎡中央公园,励骏商业广场、横琴中央汇,长隆海洋王国,6.6元/㎡,万科物业,1282
横琴万象世界发展有限公司,公公交车路线：港澳大道路口站，车次：14路，86路，K10，K11,澳门大学、横琴小学、横琴中学、横琴幼儿园、产学联盟		,大小横琴山公园，万象公园，横琴湿地公园，北临天沐河,10万平米万象商城,长隆海洋王国东方高尔夫其他规划的休闲娱乐配套（创新方、HELLO KITTY主题乐园、香洲埠等）游艇产业服务基地、丽新星艺文创天地，美国麻省医院、横琴医院、横琴中医药产业基地,7.0元/㎡,华润物业,81
广东珠江投资股份有限公司,①港珠澳大桥横跨三地，全长为49.968公里，30分钟直达香港，其中一个出口设在横琴，其余出口设在南湾立交和洪湾立交，横琴亦成为唯一陆路连接港澳两地的自贸区。②珠海城际轻轨起点设在拱北轻轨站，首期在横琴设三个站点（金融岛、口岸、长隆），全长约17公里，10分钟直达拱北，其中口岸站将无缝连接澳门轻轨。④项目周边遍及五大国内、国际机场。广珠城轨延长线横琴新区金融岛站、K11、K10、14、86、62,澳门大学、横琴小学、横琴幼儿园、澳门文化产业创意园,东面：一线望海，正对澳门半岛，可观澳门塔、新葡京酒店等澳门城市景观，近可看金融岛、国际游艇中心西面：近看横琴大桥、马遛洲景观，远看海面将军山南面：近看北咀山景观，远看小横琴山景观北面：珠海国际会展中心综合体提升十字门片区城市景观,华发广场、横琴商业步行街、香洲埠文化院街、励骏友谊广场,澳门凯撒高尔夫球会、澳门赛马会、新濠影汇度假村、银河酒店、威尼斯人酒店、新葡京酒店、澳门塔、蝙蝠侠主题公园等,0.0元/㎡,康景物业有限公司,1302
珠海琴发实业有限公司,广珠城际轻轨横琴延伸站与横琴口岸无缝隙对接）、湾仔口岸。公交路线：62路、K10、K11、14路、24路、86路。轨道交通：广珠城际轨道（珠海站、横琴口岸站）与澳门轻轨在横琴对接。港口码头：湾仔旅游码头、横琴蚝情码头、福海码头等。高速公路：广珠西线（至佛山和广州）、京珠高速（至广州南沙）、江珠高速（至江门）、西部沿海高速（贯穿珠海、台山、恩平、阳江各市沿海区域）太澳高速、机场高速（,横琴小学、横琴幼儿园、横琴学校（九年一贯制）、横琴一中、澳门大学横琴校区,,横琴进口商品展销体验中心,长隆海洋度假区、小横琴山森林公园、大横琴山森林公园、天湖自然风景区、横琴蚝生态园、湾仔竹仙洞等旅游景点,3.5元/㎡,华发物业,1155
横琴东西汇发展有限公司,公交车路线：港澳大道路口站，车次：Z53路、14路，86路，K10，K11,澳门大学、横琴小学、横琴中学、横琴幼儿园,大小横琴山公园，万象公园，横琴湿地公园，北临天沐河,自带7600㎡免税商场，10万平米万象商城,长隆海洋王国、东方高尔夫、,5.9元/㎡,万科物业,1458
	珠海铁建大厦置业有限公司,珠三角环线高速、广珠西线高速（广澳高速）；珠三角环线高速位于保税区，广澳高速通过横琴二桥接于横琴岛,横琴中学， 横琴小学， 横琴中心幼儿园 澳门大学横琴校区,西北侧是法拉第游艇码头，北侧是金融岛轻轨站，东侧是城市绿地，南侧为汇通三路西北侧是法拉第游艇码头，北侧是金融岛轻轨站，东侧是城市绿地，南侧为汇通三路,励骏商业广场、横琴中央汇,长隆海洋王国,3.0元/㎡,葆力物业管理,1185
新栢嘉（横琴）发展有限公司,通过横琴口岸莲花大桥与澳门直接相连；通过港珠澳大桥与香港相连，一小时车程直达香港；通过发达的公路体系与城轨，门口就是广珠城轨横琴口岸站直达广州、深圳；直达洪湾货运码头、直达客运码头九洲港；经到达珠海机场/澳门国际机场，直达香港国际机场。横琴穿梭巴士：14、62、k10、k11、n20、z50路公交车,横琴小学、横琴幼儿园、横琴学校（九年一贯制）、横琴一中、澳门大学横琴校区,横琴口岸、横琴口岸轻轨站、澳门大学、天沐河、濠江,,长隆国际海洋度假区、三叠泉景区，横琴国际网球中心、香洲埠文化院街、香港丽新“星艺文创天地、法拉帝亚太游艇中心、即将修建的Hello Kitty主题乐园等。,0.0元/㎡,万科物业&amp;戴德梁行,2046
珠海横琴国开投资有限公司,通过莲花大桥与澳门相连，24小时通关澳门，10分钟过关；通过港珠澳大桥与香港相连，港珠澳大桥预计2016年底通车，30分钟车程直达香港；通过发达的公路体系与广珠轻轨，一小时直达广州深圳；5分钟直达横琴湾仔码头、10分钟门渔人码头、20分钟直达客运码头九洲港；20分钟经到达珠海机场/澳门国际机场，40分钟直达香港国际机场，1.5小时达深圳宝安国际机场/广州白云国际机场,横琴小学、横琴幼儿园、横琴学校（九年一贯制）、横琴一中、澳门大学横琴校区,星乐度露营小镇、十里花海长廊、珠海横琴滨海湿地公园,励骏庞都广场、横琴购口岸商业广场、,长隆海洋度假区、小横琴山森林公园、大横琴山森林公园、天湖自然风景区、横琴蚝生态园、湾仔竹仙洞等旅游景点,29.0元/㎡,深圳历思联行物业管理有限公司,18
珠海横琴钜联实业有限公司,粤港澳穿梭巴士首站，巨星汇广场公交站,横琴中小学,横琴中小学，华发国际网球中心，紫檀博物馆，香洲埠文化院街，丽新创新坊，横琴万象世界公园，来来梦幻世界，彩虹生活广场，长隆海洋王国，HelloKitty 主体公园，横琴口岸,钜星汇广场，来来梦幻世界，彩虹生活广场,华发国际网球中心，紫檀博物馆，香洲埠文化院街，丽新创新坊，横琴万象世界公园，来来梦幻世界，彩虹生活广场，长隆海洋王国，HelloKitty 主体公园,13.8元/㎡,金地物业,1198
珠海横琴仁和养生文化发展有限公司,公公交车路线：港澳大道路口站，车次：14路，86路，K10，K11,澳门大学、横琴小学、横琴中学、横琴幼儿园、产学联盟	,大小横琴山公园，横琴湿地公园，三叠泉，珠海长隆国际海洋度假区,创新方，励骏友谊广场，万象世界,长隆海洋王国，东方高尔夫，芒洲湿地公园，狮门娱乐，星乐度横琴露营小镇,4.8元/㎡,仁和三叠泉一号,2014
中冶国际投资发展有限公司,通过莲花大桥与澳门直接相连；通过港珠澳大桥（预计2017年通车）与香港相连，40分钟直达香港；通过发达的公路体系与城轨，两小时直达广州、深圳；5分钟直达洪湾货运码头、20分钟直达客运码头九洲港；20分钟经到达珠海机场/澳门国际机场，40分钟直达香港国际机场。,目前有澳门大学、北大希望之星实验学校、横琴第一中学；未来将按国际标准设置公立幼儿园、小学和中心，引入国际顶尖私立学校,北面为顺景路；东面为琴海东路和澳门；西面为环岛东路和建设中的励骏友谊广场；南面为连通横琴与澳门的莲花大桥,励骏友谊广场、横琴商业步行街（已开业）、周边有28万㎡商业配套，有国际名品Mall、IMX影院、休闲娱乐观光、世界名牌期间商业群、小型精品店,长隆国际海洋度假区、三叠泉景区，横琴国际网球中心、香洲埠文化院街、香港丽新“星艺文创天地、法拉帝亚太游艇中心、即将修建的Hello Kitty主题乐园等。,4.5元/㎡,中冶物业,82
三一(珠海)投资有限公司,通过莲花大桥与澳门直接相连；通过港珠澳大桥与香港相连，直达香港；通过发达的公路体系与城轨，直达广州、深圳；直达洪湾货运码头、直达客运码头九洲港；经到达珠海机场/澳门国际机场，直达香港国际机场。,目前有澳门大学、北大希望之星实验学校、横琴第一中学；未来将按国际标准设置公立幼儿园、小学和中心，引入国际顶尖私立学校,项目北向看澳门景观，南向看小横琴山艺术公园，东看横琴口岸，西看十字门商务区。,励骏友谊广场、横琴商业步行街（已开业）、周边有28万㎡商业配套，有国际名品Mall、IMX影院、休闲娱乐观光、世界名牌期间商业群、小型精品店,长隆国际海洋度假区、三叠泉景区，横琴国际网球中心、香洲埠文化院街、香港丽新“星艺文创天地、法拉帝亚太游艇中心、即将修建的Hello Kitty主题乐园等。,3.0元/㎡,金地物业,1178
富力地产,五大机场：珠海机场（40分钟抵达）；澳门国际机场（40分钟抵达）；深圳宝安国际机场（1小时40份抵达）；香港国际机场（2小时抵达）；广州新白云国际机场（2小时抵达）大桥：港珠澳大桥（预计2017年通车）；横琴大桥（已通车）；横琴二桥（2015年12月已通车）；金海大桥（预计2016年动工）；莲花大桥（已通车）铁路：广珠城际轻轨（预计2016年底通车）高速：广珠西线高速、京港澳高速城,横琴小学、横琴幼儿园、横琴学校（九年一贯制）、横琴一中、澳门大学横琴校区,珠海富力中心位于横琴大桥南侧，处于“三片十区”中的中央商务区。该区以金融、商务服务为代表的现代产业体系在中央商务区成为重要发展导向，依靠港澳注入顶尖的企业，将打造成大陆金融对外开放的新窗口。目前中央商务区内的写字楼项目有高金中国总部，南方国际金融传媒大厦、横琴国际金融中心大厦、中交金融大厦、中国铁路金融大厦等,横琴进口商品展销体验中心,长隆海洋度假区、小横琴山森林公园、大横琴山森林公园、天湖自然风景区、横琴蚝生态园、湾仔竹仙洞等旅游景点,25.0元/㎡,天力物业,6
珠海市横琴好景置业有限公司,横琴口岸物业，往来澳门十分便捷，周边还有湾仔口岸以及拱北口岸，从本项目出发可到达湾仔口岸，可到达拱北口岸；港珠澳大桥落成后，与横琴无缝连接，直达香港；走港珠澳大桥西沿线转广珠西线高速去珠海金湾机场仅；竖向的主干道为金琴高速及通往横琴的环岛东路，直达广州；广珠城际轻轨延长线可直达珠海机场，与澳门实现无缝链接，可直通北上,横琴小学、横琴幼儿园、横琴学校（九年一贯制）、横琴一中、澳门大学横琴校区,华融琴海湾、中海名钻、横琴新家园、华发首府、K2荔枝湾、银鑫花园,励骏广场、华融琴海湾商业街、灏怡天揽商业区、中冶盛世国际广场商业区、横琴口岸商业区,长隆海洋度假区、小横琴山森林公园、大横琴山森林公园、天湖自然风景区、横琴蚝生态园、湾仔竹仙洞等旅游景点,5.0元/㎡,龙光物业,1179
珠海市中青旅投资有限公司,公交：天星里公交站位于项目南侧，步行仅100米即可到达轨交：自项目出发直线距离约1.5公里速抵珠机城轨横琴站，跨境琴澳轻松速达，高效对接粤港澳湾区城市群。车行约3分钟即可到达自驾：市区到项目：市区→加林山隧道（珠三角环线）→横琴大桥→环岛东路→濠江路→本项目（约 30 分钟车程）机场到项目：金湾机场→金湾东路→洪鹤大桥→横琴二桥→横琴大道→中心大道→濠江路→本项目（约 50 分钟车,伯牙小学、子期幼儿园及小学,八大配套环绕，坐享醇熟都芯：横琴都会中芯位于综合服务片区内，区内汇聚服务、文化艺术、休闲、商业、体育、医疗、教育及文创八大服务配套：市民服务中心（在建中）、市民艺术中心（在建中）、天沐琴台（在建中）、励骏庞都广场、横琴国际网球中心、澳门大学、横琴医院（在建中）、横琴澳门青年创业谷。正对横琴坐标，毗邻住宅群、休闲娱乐集群地，汇聚最大常住人流，成为横琴城市中心：项目正南为横琴政府打造的天沐河景观带,励骏庞都广场、市民服务中心、横琴国际网球中心、天沐琴台、保利国际广场......,励骏庞都商业广场：车行约 2 分钟，步行约 10 分钟 市民服务中心：车行约 3 分钟，步行约 15 分钟 横琴国际网球中心：车行约 4 分钟，步行约 15 分钟横琴中心公园：步行约 1 分钟 市民艺术中心：步行约 1 分钟 天沐琴台：步行约 2 分钟,6.9元/㎡,珠海市德晋物业管理有限责任公司,2168
珠海横琴保利利和投资有限公司,法拉第游艇会，广珠城轨横琴口岸站，横琴大桥，横琴二桥，马骝洲隧道，金海大桥，莲花大桥，十字门通道，广珠西线，G4W广澳高速,横琴幼儿园，横琴小学，横琴中学，澳门大学,K2荔枝湾，华发首府，中海名钻，华融琴海湾，,励骏友谊广场，钜星汇商业广场，横琴口岸跨境购物极速体验中心，梧桐树时代广场，横琴中央汇,华发网球中心，长隆海洋王国，三叠泉风景山，HelloKitty主题公园，横琴生态景观区，横琴石博园,27.0元/㎡,保利物业,13
新兴重工（珠海）投资有限公司,公交线路：14，62，86，K10，K11（站点：横琴大桥南）；广珠城轨站（金融岛站）,澳门大学、横琴小学、横琴中学、横琴幼儿园、,横琴国际金融中心、中大金融大厦、中交金融大厦、高金集团横琴总部、神华南方总部大厦、中铁建大厦、富力中心、湾区一号、南方传媒大厦、,项目自带商业、富力中心、湾区一号、珠江湾、,长隆海洋王国、东方高尔夫、其他规划的休闲娱乐配套（创新方、HELLO KITTY主题乐园、香洲埠等）法拉第游艇俱乐部、丽新星艺文创天地、国际网球场、,0.0元/㎡,融创物业,1137
横琴金牛置业有限公司,港珠澳直通巴士总站,横琴中小学，哈罗礼德，威雅公学,横琴中小学，华发国际网球中心，紫檀博物馆，香洲埠文化院街，丽新创新坊，横琴万象世界公园，来来梦幻世界，彩虹生活广场，长隆海洋王国，HelloKitty 主体公园，横琴口岸，港珠澳直通巴士总站,创新坊、彩虹生活广场、来来梦幻世界,华发国际网球中心，紫檀博物馆，香洲埠文化院街，丽新创新坊，横琴万象世界公园，来来梦幻世界，彩虹生活广场，长隆海洋王国，HelloKitty 主体公园,6.0元/㎡,仲量联行,1459
珠海市横琴新区碧澳房地产开发有限公司,Z53路,澳门大学、横琴小学、横琴中学、横琴幼儿园、产学联盟,横琴万象世界、国家食品安全检测中心、香洲埠、紫檀文化中心、富盈酒店、长隆海洋王国等项目,万象世界，励骏商业广场,大小横琴山公园，万象公园，横琴湿地公园，长隆（系列）酒店、横琴滨海湿地修复工程、长隆海洋王国,0.0元/㎡,碧桂园物业,1303
澳能（横琴）能源发展有限公司,澳门：直达横琴关口， 全天通关澳门；香港：2017 年年底已开通港珠澳大桥，直达香港；广州：广珠轻轨延长线将接驳至横琴，经由广珠轻轨直达广州；深圳：经由深中通道（预计2024 年通车），直达深圳；深珠通道以列入规划当中未来将大大缩短深珠距离；金湾机场： 经金海大桥（预计2020 年通车），直达珠海金湾机场；,澳门大学、横琴小学、横琴中学、横琴幼儿园、产学联盟,横琴万象世界、国家食品安全检测中心、香洲埠、紫檀文化中心、富盈酒店、长隆海洋王国等项目,万象世界，励骏商业广场,大小横琴山公园，万象公园，横琴湿地公园，长隆（系列）酒店、横琴滨海湿地修复工程、长隆海洋王国,4.9元/㎡,北京西国贸物业服务有限公司,1343
华发股份,港珠澳大桥、澳门城际轻轨、横琴大桥、横琴口岸、马骝洲隧道。 ,横琴幼儿园、小学、中学（容闳教育管理）、澳门大学；,酒店酒楼：华发喜来登酒店、瑞吉酒店、行政公寓、横琴长隆横琴湾酒店、横琴长隆企鹅酒店；,,横琴金融产业服务基地（中国银行、工商银行、农业银行、交通银行、兴业银行、平安银行、邮政储蓄银行等）。室内恒温泳池、高尔夫推杆室、瑜伽室等社区私属会所,4.8/㎡,华发物业,103
华发股份,港珠澳大桥、澳门城际轻轨、横琴大桥、横琴口岸、马骝洲隧道。 ,横琴幼儿园、小学、中学（容闳教育管理）、澳门大学；,酒店酒楼：华发喜来登酒店、瑞吉酒店、行政公寓、横琴长隆横琴湾酒店、横琴长隆企鹅酒店；,,横琴金融产业服务基地（中国银行、工商银行、农业银行、交通银行、兴业银行、平安银行、邮政储蓄银行等）。室内恒温泳池、高尔夫推杆室、瑜伽室等社区私属会所,0.0/㎡,华发物业,104
粤海置地,海陆空全维度贯穿，城市对外交通起点，粤港澳都会圈中枢快速接驳三轨（广珠城轨珠机支线、广佛江珠城轨、广珠铁路）、五路（西部沿海高速、江珠高速、机场高速、机场北路、机场东路）、五桥（港珠澳大桥、珠海大桥、香海大桥、洪鹤大桥、金海大桥）、五机场（珠海机场，澳门国际机场、香港国际机场、深圳国际机场、广州国际机场），广东重要港口高栏港，城市东西快速公交（BRT），形成海陆空立体交通网络。,金湾一中、广东科学技术职业学院、珠海城市职业技术学院、珠海市实验中学、拟建及规划中增加2所中学，4所小学，7所幼儿园,航空城小学、金湾一中、实验中学、吉林大学珠海学院、遵义医学院、省高职院、市城职院，精英教育同步国际；三甲医院广东省人民医院珠海医院（金湾中心医院），顶尖医疗为生活护航；国际商务中心、市民艺术中心、产业服务中心、公共文化中心、珠海奥体中心、青少年妇幼儿童娱乐中心、金湾航空新城规划展览馆、金湾区美术馆等文化设施。,金湾航空新城占地3.8平方公里，将建成汇聚国际商务中心、市民文化中心、产业服务中心“三大中心”，滨水景观带，滨湖景观长廊，满足行政、商业、酒店、办公、休闲、会展、创新等各种功能的高端核心区域。,10万㎡大型公园、中心河沿岸绿化景观、金湖公园、湿地公园，市政公园（项目西侧）营造鲜氧无比的生态休闲公共空间；,3.0元/㎡,粤海物业,2155
珠海市鸿达文化传播有限公司,三灶东站轻轨站。茂田公交站，三灶机场,三灶中心中学。三灶中心小学，中兴小学。中兴幼儿园,&quot;金海岸文化中心、金湾高尔夫球场、金湖湿地公园、金湾观海长廊等、航展馆、观音山郊野公园、列圣森林公园等&quot;,金湾区华发商都、唐人街商业街,银沙滩&quot;金海岸文化中心、金湾高尔夫球场、金湖湿地公园、金湾观海长廊等、航展馆、观音山郊野公园、列圣森林公园等&quot;,3.0元/㎡,时代物业,2100
中铁建,公交：204/540轻轨：广佛江珠城际轻轨（规划中）、珠机城轨（建设中）金湾站高速：机场高速、珠三角环线高速/541/605/803路到金城路口公交站地铁：地铁1号线（规划中）、地铁3号线（规划中）金湾站,航空新城幼儿园、航空新城小学、金湾一小、红旗中学、航空新城中学（建设中）、珠海实验中学、广东实验中学珠海金湾学校、遵义医科大学,地处航空城B片区，距航空城中心湖约2.5公里，离珠海大道约900米,正光广场、益百家商业中心、红旗中心广场、金湾华发商都（建设中，2020年投入使用，建成将为珠海最大商业中心） ,金湾情侣路、滨河湿地公园，金湾高尔夫金湖湿地公园、金山海绵公园、白藤山生态公园、中心河湿地公园,3.0元/㎡,中海物业,1455
卓越旭辉,海陆空全维度贯穿，城市对外交通起点，粤港澳都会圈中枢快速接驳三轨（广珠城轨珠机支线、广佛江珠城轨、广珠铁路）、五路（西部沿海高速、江珠高速、机场高速、机场北路、机场东路）、五桥（港珠澳大桥、珠海大桥、香海大桥、洪鹤大桥、金海大桥）、五机场（珠海机场，澳门国际机场、香港国际机场、深圳国际机场、广州国际机场），广东重要港口高栏港，城市东西快速公交（BRT），形成海陆空立体交通网络。,航空新城小学，航空新城中学，金湾一中、广东科学技术职业学院、珠海城市职业技术学院、珠海市实验中学、拟建及规划中增加2所中学，4所小学，7所幼儿园,航空城小学、金湾一中、实验中学、吉林大学珠海学院、遵义医学院、省高职院、市城职院，精英教育同步国际；三甲医院广东省人民医院珠海医院（金湾中心医院），顶尖医疗为生活护航；国际商务中心、市民艺术中心、产业服务中心、公共文化中心、珠海奥体中心、青少年妇幼儿童娱乐中心、金湾航空新城规划展览馆、金湾区美术馆等文化设施。,金湾航空新城占地3.8平方公里，将建成汇聚国际商务中心、市民文化中心、产业服务中心“三大中心”，滨水景观带，滨湖景观长廊，满足行政、商业、酒店、办公、休闲、会展、创新等各种功能的高端核心区域。,10万㎡大型公园、中心河沿岸绿化景观、金湖公园、湿地公园，营造鲜氧无比的生态休闲公共空间；,3.0元/㎡,卓越旭辉,2134
珠海市信和房地产开发有限公司,交通配套：503，504，202、813、815、204、605、803、206等；,金湾一小，红旗中学，实验中学,周边配套1.银行：农业银行、工商银行、建设银行、华润银行、农村商业银行；2.商业配套：① 益百家商业中心，步行100米；② 003商业广场，紧邻项目；③ 金宝丽购物城；④ 旭泰商业城；⑤ 永泰商业街；⑥ 华发10万㎡西部商业；3.休闲配套：① 红旗中心广场；② 金湾文化广场；③ 金山公园；4.教育机构：幼儿园，金湾区一小学区房（省一级）、珠海实验中学；,① 益百家商业中心；② 003商业广场，紧邻项目；③ 正光广场；④ 旭泰商业城；⑤ 永泰商业街；⑥ 金湾华发商都,红旗中心广场；② 金湾文化广场；③ 金山公园；白藤山公园,2.8元/㎡,万科物业,28
珠海日大实业有限公司,,虹晖小学、虹晖幼儿园、金湾一小、红旗中学,,正光广场、益百家、华发商都,红旗文体中心、正光广场、曼哈顿酒店、益百家、华发商都,3.0元/㎡,中珠物业,2173
宝龙地产,公交：204/540/541/605/803路到金城路口公交站地铁：地铁1号线（规划中）、地铁3号线（规划中）金湾站轻轨：广佛江珠城际轻轨（规划中）、珠机城轨（建设中）金湾站高速：机场高速、珠三角环线高速,航空新城幼儿园、航空新城小学、金湾一小、红旗中学、航空新城中学（建设中）、珠海实验中学、广东实验中学珠海金湾学校、遵义医科大学,地处航空城B片区，距航空城中心湖约2.5公里，离珠海大道约1000米,正光广场、益百家商业中心、红旗中心广场、金湾华发商都（建设中，2020年投入使用，建成将为珠海最大商业中心） 小区自带10万平商业综合体,金湾情侣路、金湾高尔夫金湖湿地公园、金山海绵公园、白藤山生态公园、中心河湿地公园,3.0元/㎡,宝龙物业,2045
龙光-鹏瑞,海陆空全维度贯穿，城市对外交通起点，粤港澳都会圈中枢快速接驳三轨（广珠城轨珠机支线、广佛江珠城轨、广珠铁路）、五路（西部沿海高速、江珠高速、机场高速、机场北路、机场东路）、五桥（港珠澳大桥、珠海大桥、香海大桥、洪鹤大桥、金海大桥）、五机场（珠海机场，澳门国际机场、香港国际机场、深圳国际机场、广州国际机场），广东重要港口高栏港，城市东西快速公交（BRT），形成海陆空立体交通网络。,金湾一中、广东科学技术职业学院、珠海城市职业技术学院、珠海市实验中学、拟建及规划中增加2所中学，4所小学，7所幼儿园,航空城小学、金湾一中、实验中学、吉林大学珠海学院、遵义医学院、省高职院、市城职院，精英教育同步国际；三甲医院广东省人民医院珠海医院（金湾中心医院），顶尖医疗为生活护航；国际商务中心、市民艺术中心、产业服务中心、公共文化中心、珠海奥体中心、青少年妇幼儿童娱乐中心、金湾航空新城规划展览馆、金湾区美术馆等文化设施,金湾航空新城占地3.8平方公里，将建成汇聚国际商务中心、市民文化中心、产业服务中心“三大中心”，滨水景观带，滨湖景观长廊，满足行政、商业、酒店、办公、休闲、会展、创新等各种功能的高端核心区域。,10万㎡大型公园、中心河沿岸绿化景观、金湖公园、湿地公园，营造鲜氧无比的生态休闲公共空间；,3.0元/㎡,龙光物业,2090
珠海市富祥置业,项目临近机场东路，珠海机场，金海大桥、洪鹤大桥双桥头堡位置，珠机城轨三灶东站上盖。,三灶第二幼儿园、海华小学、金海岸中学、省重点学校广东省实验中学、遵义医学院、吉林大学珠海学院,276 公顷金湖湿地公园、2400 亩金湾高尔夫球场、16KM 金湾情侣路、观音山郊野公园,国际商务中心，金湾华发商都、滨海商务区、金海岸市场、华润万家,金海岸文化艺术中心、市民艺术中心、公共文化中心、珠海奥体中心,3.0元/㎡,天沐,2153
珠海市斗门忠信房产开发有限公司,忠信海畔湾居交通便捷，家门前斜尾巴士站有：K9、201快线、504 、801路等多条巴士线路通达全城， 周边交通路网非常便利，途径已修建完全的高速机场大道、珠海大道以及情侣路，可在30分钟之内到达香洲总站、九州港、拱北口岸；15分钟之内抵达珠海三灶机场，并且完全形成“珠港澳30分钟生活圈，,周边名校环绕，毗邻省一级海华幼儿园、海华小学、金海岸中学、遵义医学院、吉林大学珠海学院，十二年一站式教育。,忠信海畔湾居位于金湾区金海岸商贸区中心，居未来最具发展潜力的金湾航空产业园区区域航城区域，占据金海大桥（横琴-三灶）落脚点桥头堡位置，紧邻国家自贸区横琴，承接横琴世界级千亿资产的首站。可谓是雄踞金湾区内绝佳地段。,金海岸综合购物广场、嘉珠时代商业广场,金海岸艺术文化中心,2.8元/㎡,忠诚物业,1290
海伦堡,公交：204/540/541/605/803路到金城路口公交站 地铁：地铁1号线（规划中）、地铁3号线（规划中）金湾站 轻轨：广佛江珠城际轻轨（规划中）、珠机城轨（建设中）金湾站 高速：机场高速、珠三角环线高速,航空新城幼儿园、双湖小学（建设中），航空新城小学、金湾一小、融创配建中学（建设中），红旗中学、航空新城中学、珠海实验中学、广东实验中学珠海金湾学校、遵义医科大学,地处航空城B片区，门口即滨河公园，距航空城中心湖约2.5公里，离珠海大道约500米，,正光广场、益百家商业中心、红旗中心广场、金湾华发商都，宝龙城（建设中），红星美凯龙（建设中）,滨河湿地公园，金湾情侣路、金湾高尔夫金湖湿地公园、金山海绵公园、白藤山生态公园、中心河湿地公园,3.0元/㎡,海伦堡,2256
珠海市卓轩房地产有限公司,海陆空全维度贯穿，城市对外交通起点，粤港澳都会圈中枢快速接驳三轨（广珠城轨珠机支线、广佛江珠城轨、广珠铁路）、五路（西部沿海高速、江珠高速、机场高速、机场北路、机场东路）、五桥（港珠澳大桥、珠海大桥、香海大桥、洪鹤大桥、金海大桥）、五机场（珠海机场，澳门国际机场、香港国际机场、深圳国际机场、广州国际机场），广东重要港口高栏港，城市东西快速公交（BRT），形成海陆空立体交通网络。,金湾一中、广东科学技术职业学院、珠海城市职业技术学院、珠海市实验中学、拟建及规划中增加2所中学，4所小学，7所幼儿园,环拥航空城小学、金湾一中、实验中学、吉林大学珠海学院、遵义医学院、省高职院、市城职院，精英教育同步国际；三甲医院广东省人民医院珠海医院（金湾中心医院），顶尖医疗为生活护航；国际商务中心、市民艺术中心、产业服务中心、公共文化中心、珠海奥体中心、青少年妇幼儿童娱乐中心、近享金湾航空新城规划展览馆、金湾区美术馆等文化设施。,金湾航空新城占地3.8平方公里，将建成汇聚国际商务中心、市民文化中心、产业服务中心“三大中心”，滨水景观带，滨湖景观长廊，满足行政、商业、酒店、办公、休闲、会展、创新等各种功能的高端核心区域。,10万㎡大型公园、中心河沿岸绿化景观、金湖公园、湿地公园，营造鲜氧无比的生态休闲公共空间；,3.0元/㎡,龙湖物业服务集团有限公司,1229
珠海市万彩缤纷房地产有限公司,金湾机场，洪鹤大桥，金海大桥，公交路线：201，504，207，Z102等,广东省实验中学金湾学校、金海岸海华小学，珠海市金海岸中学，吉林大学珠海学院等；,三面环海，双公园+三邻里+双商业+优医疗+9年一贯式教育，一站式生活配套,金湾华发商都（建设中）、金海岸购物中心等,航空新城六大中心，27洞金湾高尔夫、13万m2金湾湿地公园,2.9元/㎡,万科物业,2044
珠海市碧湖房地产开发有限公司,海陆空全维度贯穿，城市对外交通起点，粤港澳都会圈中枢快速接驳三轨（广珠城轨珠机支线、广佛江珠城轨、广珠铁路）、五路（西部沿海高速、江珠高速、机场高速、机场北路、机场东路）、五桥（港珠澳大桥、珠海大桥、香海大桥、洪鹤大桥、金海大桥）、五机场（珠海机场，澳门国际机场、香港国际机场、深圳国际机场、广州国际机场），广东重要港口高栏港，城市东西快速公交（BRT），形成海陆空立体交通网络。,金湾一中、广东科学技术职业学院、珠海城市职业技术学院、珠海市实验中学、拟建及规划中增加2所中学，4所小学，7所幼儿园,环拥航空城小学、金湾一中、实验中学、吉林大学珠海学院、遵义医学院、省高职院、市城职院，精英教育同步国际；毗邻三甲医院广东省人民医院珠海医院（金湾中心医院），顶尖医疗为生活护航；国际商务中心、市民艺术中心、产业服务中心、公共文化中心、珠海奥体中心、青少年妇幼儿童娱乐中心、近享金湾航空新城规划展览馆、金湾区美术馆等文化设施。,金湾航空新城占地3.8平方公里，由新加坡“规划之父”刘太格倾力打造，构筑山、海、湖、城相融的水上滨海花园城市，将建成汇聚国际商务中心、市民文化中心、产业服务中心“三大中心”，滨水景观带，滨湖景观长廊，满足行政、商业、酒店、办公、休闲、会展、创新等各种功能的高端核心区域。,紧邻10万㎡大型公园、中心河沿岸绿化景观、金湖公园、湿地公园，营造鲜氧无比的生态休闲公共空间；,3.0元/㎡,华发物业,1269
珠海天志置业有限公司,四桥→五机场→双轨→多高速,项目规划有小学，珠海市实验中学、金湾一中（国家级重点高中），区域内有7所高校，航空新城规划有7幼儿园4小学3中学2学院,运动、社交、商业、休闲、亲子、教育六大中心，打造全生命周期居住系统，拥有体育运动公园、商业综合体、小学、社区有氧跑道、亲子活动区等，规划配套一应俱全；,航空新城华发商都,航空新城华发商都,3.0元/㎡,保利物业,1298
珠海华茂天城置业发展有限公司,海陆空全维度贯穿，城市对外交通起点，粤港澳都会圈中枢快速接驳三轨（广珠城轨珠机支线、广佛江珠城轨、广珠铁路）、五路（西部沿海高速、江珠高速、机场高速、机场北路、机场东路）、五桥（港珠澳大桥、珠海大桥、香海大桥、洪鹤大桥、金海大桥）、五机场（珠海机场，澳门国际机场、香港国际机场、深圳国际机场、广州国际机场），广东重要港口高栏港，城市东西快速公交（BRT），形成海陆空立体交通网络。,金湾一中、广东科学技术职业学院、珠海城市职业技术学院、珠海市实验中学、拟建及规划中增加2所中学，4所小学，7所幼儿园,航空城小学、金湾一中、实验中学、吉林大学珠海学院、遵义医学院、省高职院、市城职院，精英教育同步国际；三甲医院广东省人民医院珠海医院（金湾中心医院），顶尖医疗为生活护航；国际商务中心、市民艺术中心、产业服务中心、公共文化中心、珠海奥体中心、青少年妇幼儿童娱乐中心、金湾航空新城规划展览馆、金湾区美术馆等文化设施。,金湾航空新城占地3.8平方公里，将建成汇聚国际商务中心、市民文化中心、产业服务中心“三大中心”，滨水景观带，滨湖景观长廊，满足行政、商业、酒店、办公、休闲、会展、创新等各种功能的高端核心区域。,10万㎡大型公园、中心河沿岸绿化景观、金湖公园、湿地公园，市政公园（项目西侧）营造鲜氧无比的生态休闲公共空间；,3.0元/㎡,华发物业,2177
珠海润达房地产开发有限公司,红旗公交总站，四条高速（西部沿海高速，江珠高速，珠三角环线高速，机场高速），四桥（香海大桥，珠海大桥，洪鹤大桥，金海大桥）广佛江珠城轨（金湾站），珠海机场,幼儿园：红旗中心幼儿园，容德国际幼儿园。中学：红旗中学（初中），实验中学（高中）。大学：吉林大学，遵义医学院。,三板市场，规划的湿地公园，红旗医院，金湾人民医院,正光广场，曼哈顿商业中心，亿佰家购物广场，金湾华发商都,广生公园，白藤湿地公园，金湾情侣路，金湾高尔夫球场,2.9元/㎡,奥园物业,2073
珠海骏驰房地产开发有限公司,海陆空全维度贯穿，城市对外交通起点，粤港澳都会圈中枢快速接驳三轨（广珠城轨珠机支线、广佛江珠城轨、广珠铁路）、五路（西部沿海高速、江珠高速、机场高速、机场北路、机场东路）、五桥（港珠澳大桥、珠海大桥、香海大桥、洪鹤大桥、金海大桥）、五机场（10分钟达珠海机场，1小时达澳门国际机场、香港国际机场、深圳国际机场、广州国际机场），广东重要港口高栏港，城市东西快速公交（BRT），形成海陆空立体交通网络，1,金湾一中、广东科学技术职业学院、珠海城市职业技术学院、珠海市实验中学、拟建及规划中的4所小学、2所中学,环拥航空城小学、金湾一中、实验中学、吉林大学珠海学院、遵义医学院、省高职院、市城职院，精英教育同步国际；毗邻三甲医院广东省人民医院珠海医院（金湾中心医院），顶尖医疗为生活护航；近享金湾航空新城规划展览馆、金湾区美术馆等文化设施。,金湾航空新城占地3.8平方公里，由新加坡“规划之父”刘太格倾力打造，构筑山、海、湖、城相融的水上滨海花园城市，将建成汇聚国际商务中心、市民文化中心、产业服务中心“三大中心”，2.7公里滨水景观带，8万㎡滨湖景观长廊，满足行政、商业、酒店、办公、休闲、会展、创新等各种功能的高端核心区域。 ,紧邻10万㎡大型公园、中心河沿岸绿化景观、金湖公园、湿地公园，营造鲜氧无比的生态休闲公共空间；,3.0元/㎡,广东龙光集团物业管理有限公司,23
珠海华茂智城置业发展有限公司,海陆空全维度贯穿，城市对外交通起点，粤港澳都会圈中枢快速接驳三轨（广珠城轨珠机支线、广佛江珠城轨、广珠铁路）、五路（西部沿海高速、江珠高速、机场高速、机场北路、机场东路）、五桥（港珠澳大桥、珠海大桥、香海大桥、洪鹤大桥、金海大桥）、五机场（珠海机场，澳门国际机场、香港国际机场、深圳国际机场、广州国际机场），广东重要港口高栏港，城市东西快速公交（BRT），形成海陆空立体交通网络。,航空新城小学，航空新城中学，金湾一中、广东科学技术职业学院、珠海城市职业技术学院、珠海市实验中学、拟建及规划中增加2所中学，4所小学，7所幼儿园,航空城小学、金湾一中、实验中学、吉林大学珠海学院、遵义医学院、省高职院、市城职院，精英教育同步国际；三甲医院广东省人民医院珠海医院（金湾中心医院），顶尖医疗为生活护航；国际商务中心、市民艺术中心、产业服务中心、公共文化中心、珠海奥体中心、青少年妇幼儿童娱乐中心、金湾航空新城规划展览馆、金湾区美术馆等文化设施。,金湾航空新城占地3.8平方公里，将建成汇聚国际商务中心、市民文化中心、产业服务中心“三大中心”，滨水景观带，滨湖景观长廊，满足行政、商业、酒店、办公、休闲、会展、创新等各种功能的高端核心区域。,10万㎡大型公园、中心河沿岸绿化景观、金湖公园、湿地公园，营造鲜氧无比的生态休闲公共空间；,3.0元/㎡,华发物业,2179
崇峰房地产有限公司,海陆空全维度贯穿，城市对外交通起点，粤港澳都会圈中枢快速接驳三轨（广珠城轨珠机支线、广佛江珠城轨、广珠铁路）、五路（西部沿海高速、江珠高速、机场高速、机场北路、机场东路）、五桥（港珠澳大桥、珠海大桥、香海大桥、洪鹤大桥、金海大桥）、五机场（珠海机场，澳门国际机场、香港国际机场、深圳国际机场、广州国际机场），广东重要港口高栏港，城市东西快速公交（BRT），形成海陆空立体交通网络。,金湾一中、广东科学技术职业学院、珠海城市职业技术学院、珠海市实验中学、拟建及规划中增加2所中学，4所小学，7所幼儿园,环拥航空城小学、金湾一中、实验中学、吉林大学珠海学院、遵义医学院、省高职院、市城职院，精英教育同步国际；毗邻三甲医院广东省人民医院珠海医院（金湾中心医院），顶尖医疗为生活护航；国际商务中心、市民艺术中心、产业服务中心、公共文化中心、珠海奥体中心、青少年妇幼儿童娱乐中心、近享金湾航空新城规划展览馆、金湾区美术馆等文化设施。,金湾航空新城占地3.8平方公里，由新加坡“规划之父”刘太格倾力打造，构筑山、海、湖、城相融的水上滨海花园城市，将建成汇聚国际商务中心、市民文化中心、产业服务中心“三大中心”，滨水景观带，滨湖景观长廊，满足行政、商业、酒店、办公、休闲、会展、创新等各种功能的高端核心区域。,紧邻10万㎡大型公园、中心河沿岸绿化景观、金湖公园、湿地公园，营造鲜氧无比的生态休闲公共空间；,3.0元/㎡,戴德梁行房地产顾问有限公司,1238
港中旅地产,珠海大道、洪鹤大桥、珠三角环线、高栏港高速、洪港高速、香海路直接通达南湾核心商圈，香海路延长线直达高栏港、西部沿海高速与高栏港高速接驳、洪鹤高速延长线与高栏港高速相连接、黄茂海大桥链接者高栏港高速与粤港澳大桥的珠三角延长线、珠海西站坐落高栏港链接了整个珠海市的城轨交通,平沙实验小学，珠海一中平沙校区，幼儿园,海泉湾度假区，醇熟配套，是中国目前综合配套完善的大型旅游休闲度假胜地完美呈现；海泉湾二期，采用滨水廊道串联起一期景区和其他旅居综合板块,拥有海洋温泉、维景大酒店、神秘岛、渔人码头、梦幻剧场、健康体检中心、拓展训练营以及运动俱乐部八大休闲娱乐配套,黄茅海，神秘岛乐园、梦幻剧场、漂浮的礼堂、海洋温泉、烹饪图书馆、小马俱乐部、业主食堂等,3.0元/㎡,港中旅物业,1350
珠海博大房地产开发有限公司,麓景湾交通便捷，家门前金海岸中学巴士站有201、504、K9等多条巴士线路通达全城，途经已修建完全的高速机场有K9、201路、504路等6条公交路线途径项目门前的金海岸中学/金沙湾豪庭巴士站，巴士站就在家门前。 2、周边交通路网非常便利，途径已修建完全的高速机场大道、珠海大道以及情侣路，可快速抵达香洲总站、九州港、拱北口岸；形成珠港澳生活圈,周边名校环绕，毗邻省一级海华幼儿园、海华小学、金海岸中学、遵义医学院、吉林大学珠海学院，十二年一站式教育。幸福超市、华润万家、金海岸市场等商业配套近在迟尺。亦可茶余饭后步行到美都广场休闲健身。,麓景湾花园位于金湾区金海岸商贸区中心，居未来最具发展潜力的金湾航空产业园区区域航城区域，紧邻国家自贸区横琴，承接横琴世界级千亿资产的首站。可谓是雄踞金湾区内绝佳地段。,项目周边休闲娱乐设施齐全，幸福超市、华润万家、金海岸市场等商业配套近在迟尺，,项目周边休闲外配金湖公园、观音山野公园、航展馆、金沙滩。休闲娱乐近在迟尺,1.8元/㎡,博大物业,1258
融创中国,公交：204/540/541/605/803路到金城路口公交站地铁：地铁1号线（规划中）、地铁3号线（规划中）金湾站轻轨：广佛江珠城际轻轨（规划中）、珠机城轨（建设中）金湾站高速：机场高速、珠三角环线高速,航空新城幼儿园、航空新城小学、金湾一小、红旗中学、航空新城中学（建设中）、珠海实验中学、广东实验中学珠海金湾学校、遵义医科大学,地处航空城B片区，距航空城中心湖约2.5公里，离珠海大道约900米，,正光广场、益百家商业中心、红旗中心广场、金湾华发商都（建设中，2020年投入使用，建成将为珠海最大商业中心） ,金湾情侣路、金湾高尔夫金湖湿地公园、金山海绵公园、白藤山生态公园、中心河湿地公园,3.0元/㎡,融创物业,1353
珠海市天海房地产开发有限公司,813  504、601、605、207到湖心路口，转813,航空新城中学，航空新城小学，航空新城幼儿园,"西湖市场，广东省人民医院珠海医院，金湾中心医院，周边大量餐饮配套,国际商务中心、产业服务中心","小区自带8355㎡商业,华发商都",市民艺术中心、、公共文化中心，金湾金山公园、高尔夫球场，观海长廊，珠海奥体中心,2.2元/㎡,珠海德信世纪,2029
珠海佳辰房地产开发有限公司,一立交三大桥、三高速四城轨”，四通八达。紧邻金海大桥落桥点，连通国家第三个经济开发区——横琴新区，港珠澳大桥西延长线直达拱北，接驳港珠澳大桥直通香港。,项目东南侧为国家示范性中学——金湾一中，按国家示范性高中60个教学班3000名学生的标准和规模设计建设，预计总投资4.5亿元。旁边有金湾外国语学校，往金海岸大道方向还有一所金海岸中学。片区高校资源丰富——吉林大学珠海学院、遵义医学院，教育无忧,项目门口的金湖公园作为整个珠海市重点打造的大型综合性湿地公园，自然资源不可复制,距离航空城的华发商都中心和华发国际商务中心5分钟车程，内设有大型商业配套，国际精品酒店及写字楼。文化中心、艺术中心、博览中心、服务中心、行政中心云集航空城,北临金湖公园、南靠水禾坑山、东瞰大海，尽揽山湖海景。毗邻中国十佳高尔夫球场——金湾高尔夫，旅游、休闲、景观、娱乐，一站式综合资源！,3.0元/㎡,佳源物业,2186
珠海市南山建设开发有限公司,南翔路口、省科干学院、湖心路口、白藤二路口、艺术学院、湖心路口总站、红旗医院、白藤头、红旗、清沁园,广东科学技术职业学院、珠海市实验中学、珠海艺术职业学院、珠海市金湾区红旗中学、珠海城市职业技术学院、金湾区第一小学、斗门区城南学校、共创职业学校、珠海共创培训学校(主校区)、广东科学技术职业学院学生公寓9栋,金湾金山公园、白藤山生态修复湿地公园、白藤头社区公园、红旗镇119消防主题公园、碳坊,鸣星商厦、旭泰商业城、融力商业广场、益百家商业中心、西汇城,AN CALL KTV、音悦汇量贩式KTV、齐剧桌游推理轰趴馆、K立方量贩式KTV(红旗店)、安歌量贩式KTV(红旗店)、祥祺酒店KTV、娱乐室、乐动轰趴馆(鸿发山庄红旗店)、大头无烟棋牌、明月湾公馆KTV,0.0元/㎡,华发物业,2123
鹏瑞集团,作为珠海唯一一个拥有海陆空交通都具备的区域，联通港澳，联通粤西，联动全球。1）三桥：珠海大桥，洪鹤大桥，金海大桥，届时将无缝连接金湾和横琴自贸区并直通澳门。2）两轨：广珠城轨，广佛江珠轻轨，畅行粤港澳大湾区。3）一机场：是珠江西岸的核心空中交通枢纽，高速投射全国 60 个城市。从项目出发，出差旅行十分便利。,规划配有幼小初高十三所，满足全龄段的教学需求。 金玥湾属于航空小学，航空中学学区,金湾是珠海产业西进、城市西拓的主阵地未来城市规划“副中心”以航空新城超百亿城市高端配套集商业、商务办公、文化娱乐等六大中心为一体，接轨繁华生活。,集享国际商务中心、市民艺术中心、产业服务中心、公共文化中心、奥体中心、青少年妇女儿童活动中心等六大中心，拥有12年全周期教育配套、顶尖医疗配套、华发商都等高级别城市生活配套。,六大中心一商都，尽享繁华都市圈。,3.0元/㎡,深圳君瑞国际物业管理有限公司珠海分公司,1471
珠海市海豪房地产开发有限公司,交通篇畔山御海坐拥双桥飞架，直通香洲、横琴，处珠海中枢，享受机场、城轨等交通枢纽配套，无缝连接广深珠港澳，通往世界各地。1.广佛江珠城轨2.广珠城轨延长线3.珠机城轨4.珠海机场T2航站楼扩建5.金海大桥6.洪鹤大桥等以国家之力打造珠江西岸交通枢纽城市,因材施教，全龄黄金教育配套项目附近建设中的公立幼儿园小学初中全龄教育配套珠海机场大地幼儿园、金航幼儿园等中兴小学、三灶中心小学等三灶中学、金海岸中学等广东省实验中学珠海分校等吉林大学珠海分校、遵义医学院等,乐享生态，与千倾公园为邻建面约100万㎡的金湾高尔夫占地12万㎡的金湖湿地公园42万㎡的大门口湿地公园号称“永不落幕的航空”的航空主题公园,金湾华发商都、华润万家、草堂市场、鹏泰百货,滨海商务区：未来以规划的珠海主题乐园为龙头，集成总部办公、研发、酒店、商业、居住、娱乐等产业全面发展，世界级航空文旅居住目的地。,2.4元/㎡,时代物业,2121
佳兆业,港珠澳大桥，黄茅海大桥，洪鹤大桥，香海大桥，鹤岗高速，西部沿海高速,金州小学，南水第二幼儿园，李兆南纪念学校等,教育配套，衣食住行配套齐全，生活圈已成熟，人流量旺,高栏商都，第首购购物广场，西城新天地广场,荷包岛，飞沙滩，海泉湾度假区，生态景观河道（建设中）,2.8元/㎡,美好物业,1462
珠海昆仑房地产开发有限公司,公交:202/206/605/608/801/K7/K8,育苗幼儿园，机关幼儿园，金湾一小，红旗中学，实验中学，艺术学院，省科干学院,金湾一小，红旗中心广场，003广场，益百家超市，曼哈顿酒店，广安便民市场，西汇城商业中心,003广场，益百家超市，西汇城商业中心,红旗中心广场，003广场，益百家超市，曼哈顿酒店，西汇城商业中心,2.0元/㎡,伟阳,21
奥园集团房地产开发有限公司,项目临近机场东路，珠海机场，金海大桥、洪鹤大桥双桥头堡位置，珠机城轨三灶东站上盖。,三灶第二幼儿园、海华小学、金海岸中学、省重点学校广东省实验中学、遵义医学院、吉林大学珠海学院,276 公顷金湖湿地公园、2400 亩金湾高尔夫球场、16KM 金湾情侣路、观音山郊野公园,国际商务中心，金湾华发商都、滨海商务区、金海岸市场、华润万家,金海岸文化艺术中心、市民艺术中心、公共文化中心、珠海奥体中心,3.0元/㎡,奥园物业,1340
晋和天庆房地产有限公司,目前有5路公交车直达，分别为201路、207路、504路、704路、K9路公交车，到城建总公司站或鱼弄站。以后随着客户的入住，公交车次会逐步增加的。,幼儿园：海华幼儿园、蓝天幼儿园、三灶幼儿园、西湖幼儿园小学：海华小学、金湾二小、三灶中心小学、海澄小学中学：金海岸中学、三灶实验中学、东海学校大学：澳门大学横琴校区、吉林大学珠海校区、吉林大学珠海软件学院、遵义医学院珠海校区,项目楼盘所在的金湾区拥有5公里浪漫海岸线、金湾高尔夫球场（全国十佳球场之一）、西湖公园（总用地276.45公顷，打造以自然生态为主导的综合性城市公园）、海泉湾度假村等旅游休闲配套；相邻的横琴新区有长隆国际海洋度假区、横琴滨海湿地公园、十字门游艇码头等；小区南北观山，三面近海，分别向东西行驶均为海边，其中西边有风景优美的阳光飞沙滩和银沙滩，还有飞机场旁边的金沙滩，都是海边游泳、玩耍、烧烤的好,得一超市、益百家超市、百合超市、鹏雅超市、凤鸣市场、中国银行、建设银行、工商银行、交通银行、农业银行、华润银行、三灶邮局、鱼弄邮政代办所、韵达快运。,商业街配套有购物中心、百货商场、综合大型超市、银行及ATM、便利店、餐饮店、快餐店（肯德基）、服装专卖店、药店、美容美发中心、推拿所、养生馆、宾馆、及休闲特色小店等。,2.9元/㎡,绿城,1251
星河地产全资子公司,东临机场北路，南面、北面、西面均为规划用地。 公交车803路：“湖心路口至国佳新材”公交线途径水泊围。 驾车东可达主城区各大商圈、横琴新区，西可至国家一类口岸高栏港，北可至斗门次中心城区，南可至珠海机场、三灶航空新城，车程短，区位十分优越。,机关幼儿园、小林实验小学、小林实验中学,港珠澳大桥西线桥头堡旁 西部中心城核心区首发 西区绝版低密度小区 地王板块 成熟配套 ,华润万家，芙蓉超市、孔一凡等连锁店已进驻旁边商业街,项目对面规划为航空城商业综合体、市民文化广场、金融服务中心，无论是购物、休闲娱乐，未来都很方便,2.9元/㎡,星河物业,1211
珠海市上筑贸易发展有限公司,紧邻珠海大道和机场高速，距红旗镇区和航空新城仅5公里，出门上高速仅15公里即达珠海机场，经珠海大道20公里直通珠海市区。规划高铁距离项目仅3公里左右，距离机场12公里左右。,金湾区小林实验小学，珠海市小林中学,三板市场，规划的湿地公园，红旗医院，金湾人民医院,正光广场，曼哈顿商业中心，亿佰家购物广场，金湾华发商都,广生公园，白藤湿地公园，金湾情侣路，金湾高尔夫球场,1.9元/㎡,大友物业,2163
珠海市金地房地产开发有限公司,东临机场北路，南面、北面、西面均为规划用地。公交车803路：“湖心路口至国佳新材”公交线途径水泊围。驾车东可达主城区各大商圈、横琴新区，西可至国家一类口岸高栏港，北可至斗门次中心城区，南可至珠海机场、三灶航空新城，车程都在15-30分钟以内，区位十分优越。,一个三鑫双语学校（小学到初中）,港珠澳大桥西线桥头堡旁西部中心城核心区首发西区绝版低密度城市别墅地王板块，我是先锋享一二期成熟配套首创双层地下室，预留电梯位奢华美墅产品多元化，满足二胎时代置业计划高端教育机构三鑫双语学校进驻,项目对面规划为商业综合体、市民文化广场、金融服务中心，无论是购物、休闲娱乐，未来都很方便,项目对面规划为商业综合体、市民文化广场、金融服务中心，无论是购物、休闲娱乐，未来都很方便,2.6元/㎡,金地物业,24
珠海胜辉房地产开发有限公司,204路、812路、806路等,华丰幼儿园.华丰小学、平沙一中、平沙二中,"中小学：华丰小学、平沙一中、平沙二中   综合商场：美平商业街医院：平沙医院邮局：平沙邮局  银行：工商银行,商业银行,农业银行,邮政储蓄",美平广场，得一超市，和大福百货，,",海泉湾旅游区",2.5元/㎡,时代物业,2143
珠海博立地产开发有限公司开发,交通配套：503，504，202、813、815、204、605、803、206等；,金湾区第一小学，广东科学技术职业学院，珠海艺术职业学院，珠海城市职业技术学院，金荷幼儿园，珠海市金湾区红旗中学，珠海市实验中学，广东科学技术职业学院(珠海分校)，春天幼儿园(广安路)，花城幼儿园,周边配套1.银行：农业银行、工商银行、建设银行、华润银行、农村商业银行；2.商业配套：① 益百家商业中心，步行100米；② 003商业广场，紧邻项目；③ 金宝丽购物城；④ 旭泰商业城；⑤ 永泰商业街；⑥ 华发10万㎡西部商业；3.休闲配套：① 红旗中心广场；② 金湾文化广场；③ 金山公园；4.教育机构：幼儿园，金湾区一小学区房（省一级）、珠海实验中学；,① 益百家商业中心；② 003商业广场，紧邻项目；③ 正光广场；④ 旭泰商业城；⑤ 永泰商业街；⑥ 金湾华发商都,红旗中心广场；② 金湾文化广场；③ 金山公园；白藤山公园,1.6元/㎡,珠海志诚物业顾问公司,1245
珠海市泰桦房地产有限公司,一立交三大桥、三高速四城轨”，四通八达。紧邻金海大桥落桥点，连通国家第三个经济开发区——横琴新区，港珠澳大桥西延长线直达拱北，接驳港珠澳大桥直通香港。 ,项目东南侧为国家示范性中学——金湾一中，按国家示范性高中60个教学班3000名学生的标准和规模设计建设，预计总投资4.5亿元。旁边有金湾外国语学校，往金海岸大道方向还有一所金海岸中学。片区高校资源丰富——吉林大学珠海学院、遵义医学院，教育无忧 ,中小学：金湾外国语学校、广东省实验中学大学：吉林大学珠海学院、遵义医学院综合商场：金海岸市场医院：广东省人民医院珠海医院银行：农业银行、工商银行、建设银行、交通、农信社等银行网点及ATM小区内部配套：商业步行街,近距离航空城的华发商都中心和华发国际商务中心，内设有大型商业配套，国际精品酒店及写字楼。文化中心、艺术中心、博览中心、服务中心、行政中心云集航空城 ,北临金湖公园、南靠水禾坑山、东瞰大海，尽揽山湖海景。毗邻中国十佳高尔夫球场——金湾高尔夫，旅游、休闲、景观、娱乐，一站式综合资源！,1.8元/㎡,众品物业,118
珠海先声贸易有限公司,信汇上品苑位于珠海市金湾三灶三灶镇金海岸大道以北，由珠海先声贸易有限公司开发，临近机场东路（S272），位于规划金海大桥（三灶——横琴）落脚点的桥头堡，距离珠海机场、航空新城10分钟车程，项目用地面积15017.5m2，用地性质为商业、住宅用地。,金海岸小学、金湾二小、金海岸中学、金湾一中、万科大地国际幼儿园、金彤幼儿园,项目场址南侧为金海岸大道，本项目设有两个出入口：其一为东北侧小区主入口，邻近规划路；其二为东北侧小区车行出入口。 ,信汇上品苑附近一带，以教育资源来说，便有三灶镇中心幼儿园、海华小学、金海岸中学、三灶中学等；从配套设施来看，周边有达捷自选商场、荣发百货商场、广发百货等商超；生活娱乐方面，信汇上品苑周围有凤鸣电影院、列圣生态休闲公园、翠竹园海鲜城、上岛咖啡等生活娱乐场所，项目周边配套齐全。 ,黄绿背公园、金海岸文化艺术中心图书馆,3.0元/㎡,,1147
中海地产,1、珠海公交201路、207路、207夜班、504路公交车可达山湖海站（距项目约350米），项目北面、东面、西面预留公交站点（已建公交站，暂未命名）。2、市内交通干道情况：珠海大道（已建成）、机场东路及湖心路（已建成）、机场北路（已建成，延长线规划中）、洪鹤大桥及港珠澳大桥延长线（在建）、金海大桥（2016年开工）、香海大桥（在建）、广珠轻轨延长线（拟建）。3、江珠高速、机场高速、广珠西线,幼儿园：时代山湖海幼儿园、中航幼儿园、保利幼儿园、拟建及规划中的多所幼儿园中小学：金湾一中、广东科学技术职业学院、珠海城市职业技术学院、珠海市实验中学、航空新城小学和中学、拟建及规划中的多所小学,西湖城区将是未来金湾区的主城区。中海作为一个曾被评为“中国大陆在香港上市房地产公司综合实力TOP10”的中国房地产知名品牌，其进驻金湾将会推进金湾地区的房地产市场的发展,商场：国际商务中心、西湖市场、配套商业街医院：广东省人民医院珠海医院(珠海市金湾中心医院)银行：工商银行、建设银行其他：祥琪大酒店、金湾高尔夫球场,小区内部配套：泳池、儿童游乐区、会所（健身房、兵兵球室、多功能室等） ,3.0元/㎡,中海物业,67
珠海市启光房地产开发有限公司,临近金海大桥、洪鹤大桥金湾落脚点，享受未来快捷交通及横琴发展之利,东临示范性普通高中、珠海目前硬件设备较高的广东实验中学珠海金湾校区（金湾一中），区域内还有金湾区外国语学校（原金湾二小）、金海岸中学、海华幼儿园等教育配套,位于金湾航空城南侧，作为临近金湾航空城、金湾高尔夫、金湖公园三大规划的生态居住区，航空城南片区不仅可借势航空城国际化规划与日新月异发展的红利实现跨越式发展，更因临近金海大桥、洪鹤大桥金湾落脚点，享受未来快捷交通及横琴发展之利。 项目北临珠海的生态湿地公园—金湖公园，可近距离享受其丰富的生态观光、康体健身、餐饮休闲之便；南临已经开业的三级甲等综合性医院—广东省人民医院珠海医院 (金湾中心医院)，近距,项目沿街布局商业配套，满足业主日常生活需要,金湾航空城、金湾高尔夫、金湖公园三大规划的生态居住区，小区配置园林泳池、健康跑道、老人康体与儿童娱乐场、会客厅等设施，满足业主日常社交、娱乐健身需要；园林配备多项智能化社区管理系统,3.0元/㎡,中海物业,115
珠海高特立商务服务有限公司,608路：拱北～海泉湾    812路：珠海港～平沙    204路：海虹总站～平沙    K7路：吉大～平沙       826-2：海泉湾-吉大,平沙中心幼儿园，华丰小学，平沙实验小学，平沙一中（初中），珠海一中（平沙校区）,优质高中、初中、小学、幼儿园等环伺项目左右，周边有医院、市场、酒店，大型商业和特色商街，旅游度假资源环绕，品山、观海、享温泉，居家就像度假！,独立商业，农贸市场，钰海国际广场,阿米高影剧院，星光酒吧，台湾风情街，鑫宝丽KTV、K立方等,2.5元/㎡,珠海文德商业经营管理有限公司,1262
恒隆开发,海陆空全维度贯穿，城市对外交通起点，粤港澳都会圈中枢快速接驳三轨（广珠城轨珠机支线、广佛江珠城轨、广珠铁路）、五路（西部沿海高速、江珠高速、机场高速、机场北路、机场东路）、五桥（港珠澳大桥、珠海大桥、香海大桥、洪鹤大桥、金海大桥）、五机场（珠海机场，澳门国际机场、香港国际机场、深圳国际机场、广州国际机场），广东重要港口高栏港，城市东西快速公交（BRT），形成海陆空立体交通网络。,航空小学，航空幼儿园，金湾一中、广东科学技术职业学院、珠海城市职业技术学院、珠海市实验中学、拟建及规划中增加2所中学，4所小学，7所幼儿园,环拥航空城小学、金湾一中、实验中学、吉林大学珠海学院、遵义医学院、省高职院、市城职院，精英教育同步国际；毗邻三甲医院广东省人民医院珠海医院（金湾中心医院），顶尖医疗为生活护航；国际商务中心、市民艺术中心、产业服务中心、公共文化中心、珠海奥体中心、青少年妇幼儿童娱乐中心、近享金湾航空新城规划展览馆、金湾区美术馆等文化设施。,金湾航空新城占地3.8平方公里，由新加坡“规划之父”刘太格倾力打造，构筑山、海、湖、城相融的水上滨海花园城市，将建成汇聚国际商务中心、市民文化中心、产业服务中心“三大中心”，2滨水景观带，滨湖景观长廊，满足行政、商业、酒店、办公、休闲、会展、创新等各种功能的高端核心区域。,紧邻10万㎡大型公园、中心河沿岸绿化景观、金湖公园、湿地公园，营造鲜氧无比的生态休闲公共空间；,2.9元/㎡,恒隆物业,1291
珠海市德泰投资发展有限公司,海陆空全维度贯穿，城市对外交通起点，粤港澳都会圈中枢快速接驳三轨（广珠城轨珠机支线、广佛江珠城轨、广珠铁路）、五路（西部沿海高速、江珠高速、机场高速、机场北路、机场东路）、五桥（港珠澳大桥、珠海大桥、香海大桥、洪鹤大桥、金海大桥）、五机场（珠海机场，澳门国际机场、香港国际机场、深圳国际机场、广州国际机场），广东重要港口高栏港，城市东西快速公交（BRT），形成海陆空立体交通网络。,金湾一中、广东科学技术职业学院、珠海城市职业技术学院、珠海市实验中学、拟建及规划中增加2所中学，4所小学，7所幼儿园,环拥航空城小学、金湾一中、实验中学、吉林大学珠海学院、遵义医学院、省高职院、市城职院，精英教育同步国际；毗邻三甲医院广东省人民医院珠海医院（金湾中心医院），顶尖医疗为生活护航；国际商务中心、市民艺术中心、产业服务中心、公共文化中心、珠海奥体中心、青少年妇幼儿童娱乐中心、近享金湾航空新城规划展览馆、金湾区美术馆等文化设施。,金湾航空新城占地3.8平方公里，由新加坡“规划之父”刘太格倾力打造，构筑山、海、湖、城相融的水上滨海花园城市，将建成汇聚国际商务中心、市民文化中心、产业服务中心“三大中心”，滨水景观带，滨湖景观长廊，满足行政、商业、酒店、办公、休闲、会展、创新等各种功能的高端核心区域。,紧邻10万㎡大型公园、中心河沿岸绿化景观、金湖公园、湿地公园，营造鲜氧无比的生态休闲公共空间；,3.0元/㎡,珠海市铭基物业管理有限公司,1356
珠海市裕沙房地产开发有限公司,"803,Z125。Z108",天姿幼儿园，三灶中心小学，三灶中学。,列圣山森林公园.伟民广场.唐人街市场,唐人街市场，嘉珠时代广场,列圣山森林公园.伟民广场.唐人街市场，嘉珠时代广场,3.0/㎡,时代物业,26
个人产权,往市区：交通：201、K9（香洲）、504（井岸）、801、803、      （三灶环线）Z101、Z104、Z108、Z125,三灶中心小学、三灶中学、吉林大学珠海校区、遵义医学院珠海校区、珠海市职业技术学院、珠海市实验中学高中部、,位于三灶最繁华地区，周边配套齐全，生活非常便利。,唐人街市场、得一超市、万家美购物广场、麦当劳、肯德基（益百家）、红叶美食广场、鹏泰购物广场、中影傲视电影城、三灶文化中心、格林豪泰酒店、七天连锁酒店、四大银行、银柜量版式KTV、鸿银之星卡拉OK厅等,唐人街市场、得一超市、万家美购物广场、麦当劳、肯德基（益百家）、红叶美食广场、鹏泰购物广场、中影傲视电影城、三灶文化中心、格林豪泰酒店、七天连锁酒店、四大银行、银柜量版式KTV、鸿银之星卡拉OK厅等,0.0/㎡,,61
珠海拓茂房地产开发有限公司,珠海大桥、香海大桥（在建）、洪鹤大桥（在建）、金海大桥（在建）、广佛江珠轻轨（规划）,建发幼儿园（在建）、金茂幼儿园（规划中）、中铁建幼儿园（规划中）、金茂小学（在建）、恒大小学（在建）、市一级齐正小学,生态配套：幸福河湿地公园（在建）、尖峰山公园、黄杨河河畔公园（在建）、云峰公园（在建）医疗配套：社区医疗服务中心（在建）、西部医疗中心（在建）、遵医五院、广东省人民医院珠海医院,家和城商场、深圳岁宝（在建）、华发商都（在建）、上海&#183;豫园商城（待建）5万平高端商务体（待建）,1.5万平邻里中心，5万平高端商务体，8.5万平星空主题公园，生态湖景,3.0元/㎡,金茂物业,2094
中联国际租赁有限公司,香海大桥 斗门汽车客运总站,东和小学，城东中学,东堤北湿地公园  白藤湖  黄杨河 尖峰山公园,大信新都会， 大润发， 井岸步行街,金台寺 御温泉 宋城  斗门清朝古街,3.0元/㎡,鸿基物业,2154
珠海复粤实业发展有限公司,珠海大桥、洪鹤大桥、香海大桥（在建）、金海大桥（在建）、广佛江珠轻轨（规划）,建发幼儿园（在建）、金茂幼儿园（规划中）、中铁建幼儿园（规划中）、金茂小学（在建）、恒大小学（在建）、市一级齐正小学,生态配套：幸福河湿地公园（在建）、尖峰山公园、黄杨河河畔公园（在建）、云峰公园（在建）医疗配套：社区医疗服务中心（在建）、西部医疗中心（在建）、遵医五院、广东省人民医院珠海医院,家和城商场、金湾华发商都、深圳岁宝（在建）、上海&#183;豫园商城（待建）,1.5万平邻里中心，5万平高端商务体，8.5万平星空主题公园，生态湖景,3.0元/㎡,高地物业,2104
珠海经济特区侨海工贸有限公司,项目门口：602路（香洲-五山沙龙）、K6（香洲-五山沙龙）  406路407路（井岸-井岸）,五山中心幼儿园、五山中心中学、富山中心幼儿园、富山一幼一小（在建）、荔山幼儿园、珠海新徽实验学校、珠海中学(在建),富山产业新城初步投资145个亿打造大型富山产业新城居住区乾务镇卫生院、斗门区人民医院、遵义医科大学第五附属珠海医院1乾务南山村卫生站、富山新荔门诊部，农商银行、交通银行,和大福百货、佳乐购物广场、荔山商业广场、嘉润百货、永盛百货、万家福购物商场、龙兴百货,项目外围修建了近500米的山体护坡绿化走道、斗门公园、金台寺、御温泉、黄杨山森林公园、珠海耀朗高尔夫俱乐部,2.5元/㎡,开发商物业,1289
珠海德昌房产有限公司,坐301、503、504、601、601B、602、602A、609、K4、K5路公交车到德昌盛景巴士站,康裕幼儿园、西江月幼儿园、城南小学、城南中学、科技学院、吉林大学,德昌盛景位于珠海西城核心湖心路。项目总用地面积近6.4万平方米，总建筑面积近25万平方米，建筑密度仅为20%，容积率3.4，绿化率高达42.3%，由11栋18-28层高层住宅围合而成，共2275户优雅人家。,新万家福超市、美宜家、华润万家、万家美超市,白藤山公园、白藤湖度假村、鳄鱼岛、御温泉、金湾高尔夫,1.5元/㎡,珠海市恒安达物业管理有限公司,92
广银集团,★项目紧邻机场北快线 (北段建设中) ，约7分钟车程可达珠峰大道；经双湖路后，约15分钟车程可达金湾航空新城，约30分钟可达金湾机场，通过香海高速约30分钟车程可达香洲，横琴通过港珠澳大桥的无缝对接，将全面融入1.5小时粤港澳大湾区生活圈,【学校】离项目400米可达斗门四中 (公办) ，离项目1公里可达井岸一小 (市一级) ，离项目2公里可达井岸镇中心幼儿园 (省一级) ，离项目2公里可达东风小学。,井岸镇是斗门区的镇中心，拥有百年历史，常驻人口超20万人，居住生活氛围浓厚。★新城片区总规划面积10.68平方公里，规划城市建设用地9.51平方公里，人口17万人。★井岸新城位于珠海西部中心综合服务组团，规划定位为滨江田园特色的生态宜居片区。★随着新城崛起，片区价值提升，人口和经济逐步往新城涌动,★【商业配套】2公里近享井岸老城配套，约700m远的坭湾市场举步即达，约10分钟车程可达斗门万达广场 (预计2024年开业) ，约15分钟车程可达斗门大信新都汇、井岸步行街等繁华商圈。湾区首座4.0版万达广场 (24年开业) 距离项目约3.6公里，约10分钟车程即可达到。,【公园配套】离项目约1公里可达霞山公园，约3公里可达尖峰山公园、斗门市民公园及黄杨河湿地公园等,3.0元/㎡,广银物业,2296
珠海金碧房地产开发有限公司,交通亦非常便利，门口就有公交巴士站，中纺城站。如果您自驾车沿白蕉路往东行驶可快速到达斗门中心及湖心路口片区，湖心路口作为珠海东西区交通枢纽转接口，也是西部生态新城中心地带；沿白蕉路往西行驶，可快速到达西部沿海高速、，江珠高速，轻松到达整个珠三角及粤西地区。沿着连桥路往北行驶可快速到达井岸中心区域；往南行驶可快速到达井岸商业中心，生活购物非常便捷。,幼稚园、小学，中学，市场、超市，银行一应俱全。,誉城花园项目又位于斗门区重点镇-白蕉，目前市政重点投入发展此区域，各大品牌开发商都纷纷拿地开发，像华发、万科、金地、招商、时代等，此时的白蕉片区已全然不同。而我们誉城花园的位置是生活配置最为齐全的区域，周边幼稚园、小学，中学，市场、超市，银行一应俱全。交通亦非常便利，门口就有公交巴士站，中纺城站。如果您自驾车沿白蕉路往东行驶可快速抵达到达斗门中心及湖心路口片区，湖心路口作为珠海东西区交通,沿着连桥路往北行驶可快速到达井岸中心区域；往南行驶可快速到达井岸商业中心，生活购物非常便捷。,沿着连桥路往北行驶可快速到达井岸中心区域；往南行驶可快速到达井岸商业中心，生活购物非常便捷,2.5元/㎡,珠海市金碧丽江物业服务限有公司,38
珠海市坭湾五洲东方墅房地产开发有限公司,303路、307路、405路、502路、601B路、602路、602A路、K6路公交车,实验小学、实验中学、华发容闳国际幼稚园、珠海理工学校,位于斗门区珠峰大道尖峰南侧，邻近斗门区新行政中心，北依省级森林公园尖峰山公园，南靠14公里黄杨河，毗邻省级湿地公园--华发水郡湿地公园,名典咖啡、东方食府、雙玲瑜伽馆、如煊健身会所、万象城超市、盈亨酒店、华润万家超市、新鲜蔬果市场、各色餐饮店等,南靠14公里黄杨河，毗邻省级湿地公园--华发水郡湿地公园,2.2元/㎡,珠海市五洲湾花园物业服务有限公司,45
珠海雍景华越房地产有限公司,,规划12班幼儿园，24班小学，30班初中（直线距离650米),西城之芯、5分钟繁华配套圈32公顷湿地公园、8大主题景观,4万平豫园商城（350米）家和城商业广场,32公顷湿地公园、8大主题景观8万平星空公园,3.0元/㎡,华发物业,2175
珠海市方乾房地产开发有限公司,珠海斗门汽车客运站，距离本项目约1.7公里（已运营）；田家炳中学站，目前已有307、520a、520、603、b37、b38线路运营，其中307路可至斗门主城区，520a、520、b37、b38路可至金湾主城区，603路可至香洲吉大站；,现有东和小学（建校1927，近期政府规划翻新中）、城东中学、田家炳中学；此外白蕉片区规划幼儿园5所、小学3所、初中2所，规划小学学位4320个，规划初中学位3000个；,东堤北湿地公园  白藤湖  黄杨河 尖峰山公园,项目驱车约8min可达区域最繁华商业—大信新都汇；项目自有约2500㎡商业业态;招商约7.3万㎡大型商业体预计2023年初开业;板块还将新增约3000㎡商业街区，城市繁华一步到位,1、三广场八公园，乐享一河两岸滨水资源；三广场： 黄杨休闲广场、河畔广场、裕泽海滨广场(东堤极限运动公园)；八公园：西堤公园、扬帆公园、黄杨河湿地公园、凤山公园、云峰公园、尖峰山公园，益和城市公园、霞山公园；其中凤山公园，益和城市公园，都距离项目不到3公里；2、斗门区文化艺术中心，包括文化活动中心、中央图书馆、融媒大厦等，预计2023年底完工；3、宋城演艺旅游度假区；,3.0元/㎡,方直心生活服务集团,2228
金碧丽江房地产,湖心路、珠海大道快速通达全市，江珠高速、京珠高速、广珠城轨轻松实现珠三角便捷生活。,乐思幼儿园，齐正小学，城南学校、红旗中学，珠海城职学院，珠海艺术学院，广东科干学院,金湾立交多维立体交通，瞬达全市！地处西部中心城区A片区核心，定位珠海西部主城区！东南亚风格，自带8000㎡商业，比邻10万㎡家和城广场商业综合体，一站式醇熟配套！齐正小学、城南学校、红旗医院、西部医疗中心等教育、医疗齐全！,自带8000㎡多的商业，比邻10万㎡家和城广场商业综合体，一站式醇熟配套！,自带8000㎡多的商业，比邻10万㎡家和城广场商业综合体，中影佰纳影院、金湾高尔夫、鳄鱼岛酒吧街、飞沙滩、御温泉度假村、斗门古街等,2.5元/㎡,金碧丽江物业,1315
珠海市昱晖房地产开发有限公司,项目沿河段交通路况已基本完善，通车在即，项目东侧为成裕巴士站和益力集团巴士站，经过该站的公交车线路为306路（白蕉长途客运站——北澳），前往本项目可在成裕巴士站下车。珠海市区方向：乘坐603、601、609、602、K5、K4、K6等在鳄鱼岛下车，到尖峰桥东站乘坐306公交至成裕巴士站，前行100米井岸方向：乘坐306公交至成裕巴士站，前行,有联厂小学；初中：城东中学,珠澳大桥成就世界珠海，内陆唯一与港澳同时连接的城市；位处西部中心城区的核心位置，,大信新都会,教育	蓓蕾艺术幼儿园、白蕉镇中心幼儿园、成裕围小学、白蕉中心小学、联厂小学、城东中学、田家炳中学、井岸青少年宫购物/超市	自身商业街、华润万家、百惠购物中心、千惠百货、永发优惠商城、华美超市、井岸步行街、大信新都汇（在建）市场	金山市场、白蕉中心市场、城东市场、东湖市场、白藤湖市场医院	遵义五院、侨立中医,3.0元/㎡,时代物业,1292
珠海协通房地产开发有限公司,立体的三横三纵交通路网优势（三横：珠海大道、珠峰大道、西部沿海高速，三纵：珠海机场高速、双湖路、高栏港高速），真正实现港澳便捷生活圈。 通过高栏港高速30分钟直通高栏港经济区，通过双湖路连接珠海大道15分钟畅达金湾 通过机场高速20分钟可抵达珠海国际机场，通过西部沿海高速半小时可以到达中山江门，一个小时左右即可以到达广州、佛山等地 除此外项目西南处有一块公共交通用地，明确规划为公交总站，海陆空多维,名门学府环伺，项目除了内部将自建一所幼儿园之外，乾务中心小学、乾务中心幼儿园、华中师范大学附属中学等省一级教育配套，全龄段教育，让孩子就学更方便。,项目位于珠海西部文旅生态中芯，聚集了医疗、教育、购物、娱乐休闲的活力城市生活圈。居于此，繁华繁花相融共生，一处生态宜居大境自此绘就。行政核心：靠近政务中心板块，斗门区人民法院、斗门区税务局、斗门区人民检察院，尖峰，市民生活更便捷。 商业核心：项目周边范围内，更有千亿城市配套。只需几脚油门，繁华便近在咫尺：大信富元广场（建设中，建面约4.86万㎡）、还有首驻斗门的万达广场（规划中，建面约12,项目周边范围内，更有千亿城市配套。只需几脚油门，繁华便近在咫尺：大信富元广场（建设中，建面约4.86万㎡）、还有首驻斗门的万达广场（规划中，建面约12.4万㎡）。,市民公园（规划中，建面约5.6万㎡）、黄杨河湿地公园（建面约40㎡）、尖峰山公园（建面约17.1万㎡）等多公园环绕，出门进园，生态自然融进生活里。,3.0元/㎡,星河智善生活集团,2270
珠海市斗门区新堂福隆房产开发有限公司,香海大桥（已通车）洪鹤大桥（已通车）金海大桥（在建中）广佛江珠轻轨（规划中）,金茂中小学（华中师范附属中小学）（已开学）中铁建地块在建12班幼儿园、36班小学中铁建地块18班幼儿园（已开学）建发地块在建12班幼儿园,1. 生态景观：双市政公园环绕——8.5万㎡白藤市民公园，32万㎡幸福河湿地公园，打造科学环保，特色鲜明的生态系统，在忙碌的生活中体验闲暇的欢愉时光。2. 三大商业体围绕：家和城广场、豫园商城、金茂商城，拥醇熟城心，享受繁华商业配套。3. 百亿配套：15分钟车程直达华发国际商务中心，金湖公园，金湾高尔夫球场，西湖湿地公园，西部城区市级体育中心，产业服务中心等百亿配套环绕。4. 全龄段教,自身配套0.4万㎡高端商业建发地块在建约1.4万㎡凤舞云街复星地块规划约3万㎡豫园商城，将引入10家中华老字号品牌商家进驻金茂地块规划约6.5万㎡主题式商业街区家和城广场内含嘉荣超市、儿童天地、约4000㎡国际影城,白藤市民公园（在建中）幸福河湿地公园（在建中）尖峰山公园白藤山湿地公园,3.0元/㎡,万科物业,2127
珠海颐泽企业管理有限公司,一桥主城立体交通畅行湾区招商华发湖心明荟坐拥湖心路、双湖路双主轴，雄踞珠海大桥、香海大桥（预计2022年通车）桥头堡,乐思国际幼儿园、齐正小学、城南中学、红旗中学，规划12班幼儿园，24班小学，30班初中,西城之芯、5分钟繁华配套圈32公顷湿地公园、8大主题景观,家和城商业广场,32公顷湿地公园、8大主题景观8万平星空公园,3.0元/㎡,海伦堡物业管理有限公司,2251
珠海市恒基房产开发有限公司,交通公交：406路、407路、419路（富强中站）、416路（坚士制锁站），沿富强十路直行150米至项目入口，右转直行到达项目自驾：珠峰大道或西部沿海高速——高栏港高速辅路——富强十路——五洲富山园项目,乾务镇第二中心幼儿园、三村幼儿园、新村幼儿园、五山中心幼儿园中小学乾务五山中心小学、五山中学,自建2.2万平商业综合体，米夏村市场、马山市场御温泉度假区、海泉湾度假区、斗门古街、金台寺、市政公园（建设中）珠海市第五人民医院，斗门富山门诊部,自建2.2万平商业综合体，米夏村市场、马山市场,五洲富山园，打造富山片区稀缺高品质住宅、商业小区，满足居民商务、居住、购物、娱乐需求。五洲富山园园林风格定义为现代主义风格，设计上重视空间格局，彰显都市感和现代感，打造简约淡雅、自然清新的居住环境。配件2.2万㎡一站式商业，高端购物商场、品牌餐饮、娱乐、休闲等精彩汇聚，幅射周边8公里，覆盖消费人群过万。并精心打造数万平米运动休闲湿地公园，全龄居住社区，包含儿童活动、羽毛球场、篮球场、青年活动、老年,2.0元/㎡,和美物业管理服务有限公司,2129
时代中国,交通可乘坐603、601、601B、602、602A、609、504、301、503共9条公交路线到达东方威尼斯站下车即可到达项目,白藤湖中学、白藤湖中心小学 本项目配套幼儿园、颖星幼儿园(白藤三路) 、西江月幼儿园 ,市西进首站，金湾立交多维立体交通，瞬达全市！地处西部中心城区A片区核心，定位珠海西部主城区！24万㎡高品质生态人居社区，5000㎡特色商业步行街，比邻10万㎡家和城广场商业综合体，一站式醇熟配套！齐正小学、城南学校、红旗医院、西部医疗中心等教育、医疗齐全！,家和城广场、华润万家、百惠购物中心、千惠百货、永发优惠商城、华美超市,中影佰纳影院、金湾高尔夫、鳄鱼岛酒吧街、飞沙滩、御温泉度假村、斗门古街等,2.5元/㎡,万科物业,1259
珠海市恒裕地产开发有限公司,交通可乘坐603、601、601B、602、602A、609、504、301、503共9条公交路线到达东方威尼斯站下车即可到达项目,白藤湖中学、白藤湖中心小学 本项目配套幼儿园、颖星幼儿园(白藤三路) 、西江月幼儿园 ,46万㎡大盘 坐拥500亩生态湿地公园 白藤湖一河两岸自然景观近8万㎡高端商业配套+5000㎡业主私人会所位于湖心路主干道，约9条公交线路,本项目配套商业、家和城广场、华润万家、百惠购物中心、千惠百货、永发优惠商城、华美超市 ,规划有集中式商业、会所、泳池、幼儿园、户外水岸舞台、儿童游乐园、休憩区、下沉式水池、中庭湖泊、休闲运动广场 ,2.6元/㎡,丹田物业公司,77
珠海景华房地产有限公司,一桥主城立体交通畅行湾区招商华发湖心明荟坐拥湖心路、双湖路双主轴，雄踞珠海大桥、香海大桥（预计2022年通车）桥头堡位置，跨桥速达主城。周边珠三角环线高速、广佛江珠高速等快线环绕，更有广州城际、金湾机场等立体路网，近享两小时湾区生活圈。横跨珠海东西部——香海大桥香海大桥（预计2022年通车），“连通南北，横跨东西”，香海大桥连通西部城区与香洲城区，香海大桥通车将加速东西,规划12班幼儿园，24班小学，30班初中（直线距离650米),西城之芯、5分钟繁华配套圈32公顷湿地公园、8大主题景观,4万平豫园商城（350米）家和城商业广场,32公顷湿地公园、8大主题景观8万平星空公园,3.0元/㎡,华发物业,2221
珠海家和置业投资有限公司,乘坐301、503、504、601、601B、602、603、609路公交车在万威美地站下车，往前走约100米,城南小学、城南中学、科技学院、吉林大学,随着横琴岛的高起点开发，必将给珠海的西区带来前所未有的发展机遇，珠海西区未来将以湖心路为核心，形成产业发达、功能复合、交通便利、环境优美的新型城区。而斗门电力?家和城 项目正处西区未来中心地段，毗邻城市主要干道，城市价值潜力无限。,白藤湖海鲜市场、华润万家等,白藤湖自然景、黄杨河、尖峰山等,2.8元/㎡,珠海市电力管理物业有限公司,1176
珠海市恒基房产开发有限公司,乘坐301、503、504、601、601B、602、603、609路公交车在万威美地站下车。,乐思幼儿园、城南小学、城南中学、科技学院、吉林大学,湖心路核心地段交通四通八达。临近白藤湖自然景观，居住环境宁静优雅，周边配套齐全。,家和城广场、白藤湖海鲜市场、华润万家等,白藤湖自然景、黄杨河、尖峰山等,2.9元/㎡,和美物业,1265
珠海华郡房产开发有限公司,珠海大道、香海大道、黄杨河大桥、珠海金湾机场，半小时通达珠海全城。,珠峰实验二小、珠峰实验中学、容闳幼儿园、容闳小学。,尖峰山公园、斗门市人民公园、省级湿地公园、黄杨河景观带等。区内配套有泳池、儿童娱乐设施等。,斗门世荣万达广场,大信新都汇，今湾华发商都,5.5元/㎡,华发物业,2292
珠海市昌荣房地产开发有限公司,交通运输：①港口：斗门及其周边有斗门、珠海、九洲、湾仔、万山等5个一类港口口岸；②铁路：1条货运铁路（广珠铁路，已通车），1条城际轨道（广佛江珠城际轨道，起于广州芳村站，途经广州、佛山、江门、珠海4个城市，线路将经斗门区终至珠海机场）；③高速公路：西部沿海高速、江珠高速、香海高速(建设中)、机场高速和高栏港高速贯穿境内，港珠澳大桥经连接线在斗门境内与上述高速路网连接。,教育配套：在项目3公里范围内，涵盖超过6所幼儿园、6所小学、4所初中一站式优质教育资源。本项目学区划分、具体入学条件以政府教育主管部门及学校政策为准。坭湾幼儿园、井岸镇中心幼儿园、南潮幼儿园、博艺幼儿园、斗门区实验幼儿园斗门区井岸镇一小、井岸镇第四小学、东风小学、斗门区实验小学、井岸镇第二小学斗门第四中学、斗门第三中学、斗门区实验中学、斗门第二中学珠海市斗门区第一中,斗门区位于珠江三角洲西南端，地处珠海、中山、江门三市交汇处，毗邻港澳。全区面积约674.8平方千米，占全市40%。常住人口46.09万、占全市26.11%，实有企业9063家，占全市11%。地区生产总值393亿元。井岸作为斗门区的主城区是政治文化和商务中心同时也是西城起步区开发建设的核心部分，规划定位为滨江田园特色的生态宜居新城，面向粤港澳合作的高端服务型产业集聚区，珠海市的城市副中心之一。,在项目几公里范围内，涵盖了二家较大型购物中心：大信新都汇距离项目驾车约几公里。2018年10月开业，占地约4万平米，建筑面积17万平。是珠海西部区域集零售、餐饮、文化休闲、娱乐等于一体的大型商业综合体，打造城市生活广场新标杆。招商蛇口花园城距离项目直线约几公里。建筑面积7.3万平的大型商业体项目，于招商依云华府隔壁，为招商商置花园城系列，预计入驻较多大品牌商家。,旅游：斗门八景：黄杨山、金台寺、灯笼沙水乡、南门菉猗堂、斗门石街、接霞庄、黄氏大宗祠，御温泉。,3.0元/㎡,融创物业,1351
珠海华郡房产开发有限公司,在市区可乘坐602路、602A路、601B路到东风南下车，往回走20到达水郡二路，前行200米便可看到本项目的销售中心了。我们项目内就有一个公交首末站点的，在业主开始入住后，对公交的需求增大会引入公交线路至水郡二路、水郡三路的。但是现在具体线路我们还不是很清楚。,又一城旁边有规划斗门实验小学和实验中学，都是斗门公立重点学校，规划教育用地性质是不会变的，建设是早晚的事，（听说只有里维埃拉业主可以就读？）其是公立学校，代表只要规划学区房的都可以就读，对每个人都是平等的，不存在只有里维埃里业主可以就读，这是肯定的。,私家千亩省级湿地公园，生活就像在渡假，全城首家医住直通社区，三甲遵义五院专属健康保障，优质教育配套；,2.7万㎡（建面）华发新天地商业街，由华发商业团队负责统一运营，已全面启动招商，大量品牌商家意向进驻。2、周边1.5公里内已具备5大商业集群，华润万家超市、便利店、幼儿教育机构、各类特色餐饮、KTV、健身房、瑜伽室、五金、家装、美发、通讯、美容保健、美发机构、药房、棋牌休闲场所、汽车美容、宠物店、银行、ATM机等满足日常生活需求。11.8万㎡（建面）金湾华发商都（规划中），总投资约15亿，,2.7万㎡华发新天地商业街（已招商）2、华发又一城容闳学校（已动工）3、斗门区容闳幼稚园（已开学）4、华发又一城湿地驿站（1000㎡的儿童游乐区、篮球场、风筝广场、烧烤场）5、生态滨水步道6、羽毛球场7、林荫散步道8、塑胶跑道9、游泳池：1800㎡双游泳池，1.2m成人池，0.5m儿童池10、泛会所11、社区儿童乐园12、三大阳光草坪,2.9元/㎡,珠海市华发物业管理公司,41
建发房地产集团公司,珠海大桥、香海大桥（在建）、洪鹤大桥（在建）、金海大桥（在建）、广佛江珠轻轨（规划）,建发幼儿园（在建）、金茂幼儿园（规划中）、中铁建幼儿园（规划中）、金茂小学（在建）、恒大小学（在建）、市一级齐正小学,生态配套：幸福河湿地公园（在建）、尖峰山公园、黄杨河河畔公园（在建）、云峰公园（在建）医疗配套：社区医疗服务中心（在建）、西部医疗中心（在建）、遵医五院、广东省人民医院珠海医院,家和城商场、深圳岁宝（在建）、华发商都（在建）、上海&#183;豫园商城（待建）,自身配套：幼儿园，邻里中心，底商，双泳池，慢跑道，户外投影，健身房，大鱼海棠主题公园，生态湖景,3.0元/㎡,建发物业服务有限公司,2019
珠海格力房产有限公司,307路.520路.603路.413路.B37路.B38路.520A路,城东中学.东和小学.田家炳中学.爱美乐幼儿园,星享配套，启智护航，医疗教育、商业都荟、多元化的星级配套，便捷生活一应俱全,嘉荣超市.万科生活中心.永盈商业中心.大信新都汇.家和城广场,华夏国际影城.进化国际健身俱乐部,3.0元/㎡,珠海格力物业有限公司,2126
珠海经济特区恒隆房产开发有限公司,乘坐公交307 . 520. 520a. 603 .B38.  Z268均可到达；,临近弘雅幼儿园、博雅中小学、规划中的新城中小学,处于斗门白蕉新城区；5大实力品牌开发商聚集开发,周边华发、万科、金地商业街；招商7.3万平商业综合体，井岸大信新都汇,禾益城市公园、霞山公园、尖峰山公园、博皇大酒店、井岸体育馆、黄杨山4A级风景区；等等,3.0元/㎡,恒隆物业,2185
珠海市斗门房产发展公司,项目沿河段交通路况已基本完善，通车在即，项目东侧为成裕巴士站和益力集团巴士站，经过该站的公交车线路为306路（白蕉长途客运站——北澳），前往本项目可在成裕巴士站下车。珠海市区方向：乘坐603、601、609、602、K5、K4、K6等在鳄鱼岛下车，,有联厂小学；初中：城东中学,珠澳大桥成就世界珠海，内陆唯一与港澳同时连接的城市；位处西部中心城区的核心位置，,大信新都会,教育	蓓蕾艺术幼儿园、白蕉镇中心幼儿园、成裕围小学、白蕉中心小学、联厂小学、城东中学、田家炳中学、井岸青少年宫购物/超市	自身商业街、华润万家、百惠购物中心、千惠百货、永发优惠商城、华美超市、井岸步行街、大信新都汇（在建）市场	金山市场、白蕉中心市场、城东市场、东湖市场、白藤湖市场医院	遵义五院、侨立中医,1.8元/㎡,中港城物业,1327
中铁建投未来城（珠海）置业有限公司,坐301、503、504、601、601B、602、602A、609、K4、K5路公交车到德昌盛景巴士站,康裕幼儿园、西江月幼儿园、城南小学、城南中学、科技学院、吉林大学,生态配套：幸福河湿地公园（在建）、尖峰山公园、黄杨河河畔公园（在建）、云峰公园（在建）医疗配套：社区医疗服务中心（在建）、西部医疗中心（在建）、遵医五院、广东省人民医院珠海医院,新万家福超市、美宜家、华润万家、万家美超市,白藤山公园、白藤湖度假村、鳄鱼岛、御温泉、金湾高尔夫,3.0元/㎡,中铁南方物业,2135
珠海南光西城发展有限公司,坐301、503、504、601、601B、602、602A、609、K4、K5路公交车到德昌盛景巴士站,康裕幼儿园、西江月幼儿园、城南小学、城南中学、科技学院、吉林大学,湖心新城中心片区，价值洼地，香海路直通香洲片区，30万㎡商业配套，27所学校配套，480亩幸福河湿地公园配套，高实用率户型,新万家福超市、美宜家、华润万家、万家美超市，家和城购物商场,白藤山公园、白藤湖度假村、鳄鱼岛、御温泉、金湾高尔夫,3.0元/㎡,万科物业,2182
珠海依云房地产有限公司,项目沿河段交通路况已基本完善，通车在即，项目东侧为成裕巴士站和益力集团巴士站（面前正在洽谈更名为招商依云水岸巴士站），经过该站的公交车线路为306路（白蕉长途客运站——北澳），前往本项目可在成裕巴士站下车。珠海市区方向：乘坐603、601、609、602、K5、K4、K6等在鳄鱼岛下车，步行2分钟到尖峰桥东站乘坐306公交至成裕巴士站，前行100米井岸方向：乘坐306公交至成裕巴士站，前行,霞山公园、尖峰山公园、一河两岸八大公园配套（凤山公园、扬帆公园、河畔广场、裕泽海滨公园、云峰公园、乔园、黄杨休闲广场、叠翠公园）,港珠澳大桥成就世界珠海，内陆唯一与港澳同时连接的城市；位处西部中心城区的核心位置，百年央企打造全国第三,华润万家已进驻招商,配 套内  容小区内配套 商业街、休闲广场、儿童活动区、健身区、社区泳池教育	蓓蕾艺术幼儿园、白蕉镇中心幼儿园、成裕围小学、白蕉中心小学、联厂小学、城东中学、田家炳中学、井岸青少年宫购物/超市	自身商业街、华润万家、百惠购物中心、千惠百货、永发优惠商城、华美超市、井岸步行街、大信新都汇（在建）市场	金山市场、白蕉中心市场、城东市场、东湖市场、白藤湖市场医院	遵义五院、侨立中医,2.6元/㎡,招商局物业管理有限公司珠海分公司,99
珠海中邦房地产开发有限公司,304路、306路、307路、603路。520路,幼儿园：刘诗昆音乐幼儿园中小学： 城东小学、田家炳中学、实验中学、区二中 大学：城市职业技术学院、广东科学,医院：遵医第五院邮局：邮政银行：中国银行、华润银行、建设银行、工商银行 农商银行 其他：市场 华润万家 华海鹏程五星级酒店,商场：华美超市、百惠购物中心、千惠百货,篮球场，网球场，健身会所，泳池,3.0元/㎡,万科物业,1166
珠海华郡房产开发有限公司,西部沿海高速便捷连接新香洲市区，快速通达中山、广州、江门；临近香海快速路，香海大桥于年初获批，预计2020年建成，建成后到市区车程短；江珠高速快捷连接珠海大桥、华发商都，至市区车程短；广佛江珠轻轨斗门落脚，享受广州都市生活；,自配容闳体系幼儿园，临近市重点学校斗门一中，还有斗门二中、龙西小学等重点公立学校，涵盖幼儿园至高中一站式教育配套；,（1）户外有氧健身：风情慢跑道，超大景观泳池，运动就在家门口。（2）休闲放松：超长景观主轴、中轴园林百兆WiFi、水松林湿地休闲长廊。（4）主题儿童乐园：为全龄段儿童提供游乐活动。（5）多功能运动场：篮球、羽毛球运动场地，适合全家参与。（6）室外会客厅：邻里交往空间，提供舒适的社交活动空间。,项目拥有360米长风情商业街，华发统一进行招商管理，家门口就能满足日常购物需求；,超长景观主轴，中轴园林百兆WiFi，水松林湿地休闲长廊，风情散步道，超大景观泳池，篮球场、羽毛球场、儿童游乐园一应俱全，满足全龄人群休闲、健身、娱乐等需求，商业街；,2.9元/㎡,华发物业,79
珠海建粤商务有限公司,毗邻城市主干道珠峰大道，15分钟通达珠海机场及莲州通用机场，双城规环绕出门即是地铁口（规划）；303路、307路、405路、502路、601B路、602路、602A路、K6路公交车,实验小学、实验中学、华发容闳国际幼稚园、珠海理工学校,无敌景观：背靠尖峰山，黄杨河环绕，上风上水之地。山景、水景、城市景观一应俱全；,商业休闲购物，办公、酒店公寓业态全涵盖；名典咖啡、东方食府、雙玲瑜伽馆、如煊健身会所、万象城超市、盈亨酒店、华润万家超市、新鲜蔬果市场、各色餐饮店等,情景式步行街：片区首个由独栋商墅组成，独具岭南风格的情景式步行街区；南靠14公里黄杨河，毗邻省级湿地公园--华发水郡湿地公园,3.5元/㎡,铭泰物管,2225
时代地产,304路、306路、307路、603路。520路,幼儿园：蓓蕾艺术幼儿园、小区品牌幼儿园中小学： 城东小学、田家炳中学、实验中学、区二中 大学：城市职业技术学院、广东科学,医院：遵医第五院邮局：邮政银行：中国银行、华润银行、建设银行、工商银行 农商银行 其他：市场 华润万家 华海鹏程五星级酒店,商场：华美超市、百惠购物中心、千惠百货,星级会所：阅览室、麻将房、VIP接待、私家菜、KTV房、生活馆、室内恒温泳池、室内篮球馆、室外三合一池、桌球、乒乓球、360度景观健身房等,3.0元/㎡,时代物业,2144
珠海市人坤恒房地产开发经营有限公司,在交通方面，可以简单用五横五纵一机场（五横：西部沿海高速、香海大桥、珠海大桥、洪鹤大桥、金海大桥；五纵：广佛江珠城轨、广珠城轨、湖心路、广佛江珠高速、广澳高速；机场：珠海金湾机场）来概括。位于我们项目西侧的这条是湖心路，三区交界，是整个西区的一个咽喉要道。我们项目南侧是珠海大桥， 珠海大桥目前是通往主城香洲的必经之路， 经过珠海大桥去到香洲市区开车要花费大约40 分钟时间。项目北侧就是香海大桥，这,在我们项目周边 5km 范围内有约 10 个幼儿园、更有省重点小学--齐正小学、重点中学--斗门实验中学、白藤湖中学、城南中学，可谓是学府环绕；,恒大斥巨资打造的约 4 万㎡的中心湖景与园林。 项目住宅占地 5.8 万㎡，湖景园林就有 4 万㎡！加上 3 万平的白藤湖相伴。,距离我们项目 1 公里的位置有家和城大型综合商业体，再往北去有大信新都汇，往东面去可以到达华发商都，后期区域内还将建设 3 个大型购物中心（爱琴海购物中心、金茂商城、豫园商城），而且都在几分钟车程内，逛街、购物、看电影都是非常方便的。,在项2公里范围内有最大的湿地公园“幸福河生态公园”和已开放的白藤山生态公园；片区内文旅景点也很丰富：项目周边有斗门古街、金台寺、黄杨山、白藤湖度假区、鳄鱼岛、御温泉度假村、华发水郡省级湿地公园、竹州水乡、十里莲江等等。,3.0元/㎡,恒大金碧物业,2061
珠海市中良房地产投资有限公司,交通可乘坐603、601、601B、602、602A、609、504、301、503,白藤湖中学、白藤湖中心小学 。幼儿园、颖星幼儿园(白藤三路) 、西江月幼儿园 ,本项目占地64000平方米，拥有低容积率以及高使用率。项目背靠斗门白藤湖，可足不出户享受一线湖景，西湖度假村，空气清新，环境优美。,隔壁有家和城，大型集中商业，涵盖超市、影院、百货等多种业态，规模逾三万平米，华润万家强势进驻!小区自带7000平商业! 开发商统一招租管理。,白藤山公园、白藤湖度假村、鳄鱼岛、御温泉、金湾高尔夫,2.9元/㎡,珠海市泓利博德物业管理有限责任公司,1142
珠海市中港城房地产有限公司,到拱北、香洲、中山及珠三角均可有直达；（504/601到拱北，602/609到香洲，301/306/307/603到吉大小学：,白藤湖小学；中学：白藤湖中学；幼儿园：小区内幼儿园。,周边配套购物：小区内商业广场。肉菜市场；白藤头市场、白藤湖市场。,,医疗：同和医院（在建），井岸遵义医院。休闲娱乐：酒店、会所、商业广场、游泳池、篮球场、网球场、阅览室、儿童娱乐设施。,2.5元/㎡,,36
珠海市新深珠房产置业有限公司,井岸大桥；尖峰大桥；井岸三桥（规划中）；鸡啼门特大桥；香海大桥（在建中）；洪鹤大桥（在建中）；珠海隧道（在建中）；机场高速（在建中）；珠斗城际轨道（规划中）；珠海城轨（规划中）；广佛江珠轻轨（规划中）；大湾区城际铁路（规划中）,幼儿园：斗门区实验幼儿园、新徽幼儿园小学：斗门区实验小学中学：斗门区实验中学,斗门浪漫西堤路旁，毗邻黄杨母亲河，约80-165㎡阔景大宅，滨江自然风光尽收眼底,大信新都汇：占地面积4万㎡，建筑面积近17万㎡，是斗门最大的商业综合体家和城广场：占地面积近3万㎡，中影佰纳国际影城面积达4000㎡，配备豪华标准影厅井岸步行街：最具珠海地方特色的小吃购物一条街富元广场（在建中）：总建筑面积20万㎡，建筑高度98.9米，建成集国际知名品牌希尔顿五星级酒店、休闲购物、总部办公及商务公寓为一体的国际化商业综合体约1km生活市场：坭湾市场、中兴南市场,黄杨河、霞山公园、西堤公园、鱼岛、尖峰山、尖峰山森林公园、斗门市民公园黄杨河：享受政府”黄杨河一河两岸景观规划政策“区域规划红利黄杨河“一河两岸”综合开发项目，北起井岸二桥，南至华发水郡，长约11公里，整个项目建设用地约10平方公里，项目总投资约35亿元。,2.9元/㎡,奥园物业,2171
珠海诚丰集团有限公司,坐301、503、504、601、601B、602、602A、609、K4、K5路公交车到诚丰新园站,西江月幼儿园、城南小学、城南中学、科技学院、吉林大学,诚丰新园项目位于金湾、斗门双城及连接市区的门户区位，交通便利、周边生活配套完善，自然景观优越，集居住、购物、休闲、赏心悦目的生态环境于一体。伴随未来城市中心地位逐步确立，升值空间巨大。,美宜家、华润万家、万家美超市,白藤山公园、白藤湖度假村、鳄鱼岛、御温泉、金湾高尔夫,1.6元/㎡,珠海诚丰集团有限公司,1311
珠海市诚讳房地产开发有限公司,公交车多达20条线路，是出入斗门、金湾和市区所有公交车必停的站点，交通极为便利。目前金湾立交已经全面开通，由本小区到红旗城区不到3分钟，市区20分钟即可到达，到珠海机场20分钟，2015年开建的直达市区的珠海第二通道“香海路”在西部主城区的出入口离本小区不足2公里。交通线路：602路（海泉湾----拱北）、204路（平沙——凤凰北）、501路（白蕉—平沙）、 502路（白蕉——南水）、503（,中小学：幸福小学、金湾一小、城南小学、城南中学、珠海市实验中学、红旗中学、白藤湖中心小学、白藤湖初级中学,工商银行、农业银行,万家美购物中心、 嘉润百货、荣一连锁、红旗市场、白藤湖海鲜市场、益百家超市、华润万家,电力家和城商业街、贺富海鲜酒楼、白藤湖度假村、斗门酒吧街,2.5元/㎡,珠海东启物业有限公司,131
新力地产,港珠澳大桥：是未来拉动大湾区的最大命脉，是串联着珠海最具潜力的经济命脉，这条路路相通的大桥经济直接决定了我们项目的区位站位是世界级的，是珠海价值高地，同时也是价格洼地！香海大桥：全长17.344公里，总投资42.8亿元，预计2021年建成通车，建成后，从斗门到达珠海主城区仅需20分钟车程。机场高速：距离本项目，珠海机场到项目只需20分钟。双湖路（在建中）：西部中心城区双湖路，跨越鸡啼门水道，是连接,"华中师范珠海附中距项目仅600米，学校总建筑面积约20万m2，拥有6000个高中优质学位,可谓说就读无优。未来必将成为珠海市乃至广东省的“创新型、国际化”的现代品牌学校，五年间，合办学校师生获得国家级奖项451人次，省级奖项1455人次。近年高考，理科过一本线687人，重点率99.0%，文科过一本线82人，重点率97.6%。项目还配建幼儿园等一站式全龄段优质教育。",?中国&#183;珠海&#183;斗门最具升值潜力?，机场高速首发站?珠峰大道正中心，15分钟即达金湾华发商都，距香港澳门（房价8-15万）40分钟，距横琴（房价4-6万）30分钟，距香洲片区（房价3.4-6万）35分钟，项目周边（房价1.4-2.4万），新力湾正属价格洼地、价值高地,项目自带建面近5000m2商业街。周边商圈、大信新都汇，盛客购物广场、金湾华发商都,尖峰山公园、斗门市人民公园、省级湿地公园、黄杨河景观带等。,0.0元/㎡,新力物业,2021
时代地产,304路、306路、307路、603路,幼儿园：蓓蕾艺术幼儿园、小区品牌幼儿园中小学： 城东小学、田家炳中学、实验中学、区二中 大学：城市职业技术学院、广东科学院,医院：遵医第五院邮局：邮政银行：中国银行、华润银行、建设银行、工商银行 农商银行 其他：市场 华润万家 华海鹏程星级酒店,商场：华美超市、百惠购物中心、千惠百货,小区内部配套：星级会所：阅览室、麻将房、VIP接待、私家菜、KTV房、生活馆、室内恒温泳池、室内篮球馆、室外三合一池、桌球、乒乓球、360度景观健身房等,3.0元/㎡,时代物业,44
珠海市正新投资有限公司,公交站：可乘303路; 307路; 405路; 502路; 601b路; 602a路; 602路,珠峰中学，珠峰小学，井岸四中，幼儿园：珠海斗门容闳幼稚园,商业街、会所、幼儿园、泳池、体育活动场地 五星级酒店、游艇码头（规划）、会所、泳池、商业街、幼儿园、康体设施等。小区配套完善，舒适度高，地段位置优越，住房的首选佳地。,水果市场 水产批发街 城南市场 河畔食街 益利大酒店 珠海斗门酒吧城 金湾高尔夫 耀朗俱乐部,五星级酒店、游艇码头（规划）、会所、泳池、商业街、幼儿园、康体设施等。,3.0元/㎡,奥园物业,2108
万威地产,斗门区纵横交错的交通网络，形成以斗门区为中心，全面覆盖香洲区、珠海机场、高栏港、中山、江门的“半小时生活圈”，更进一步拉近珠海建设珠江西口岸交通枢纽城市的目标。目前已经通车的丼岸二桥大大缩短了与了与金台寺、御温泉、海泉湾等旅游圣地的距离。在建的香海路预计2016年年底建成通车，建成以后到珠海市区仅20分钟。白蕉作为湖心路口的延伸，未来的发展不可估量。正在建设的广佛江珠城规，日后将在项目东面白蕉开发,,斗门区目前是政府重金打造的西部中心城区。“一河两岸”规划，四座大桥横跨黄杨河，建成以后斗门区将成为融行政办公、商业娱乐、市场物流和居住休闲为一体的西部中心城；,,,1.8元/㎡,万威物业,1159
珠海市锦荣房地产开发有限公司,301、503、504、601、601B、602、602A、609、K4、K5路公交车香海彼岸巴士站下,齐正小学、城南中学、科技学院、吉林大学,约2万㎡大型生活休闲商业街区，省级奢华游泳池，标准篮球场，儿童活动广场等。,新万家福超市、美宜家、华润万家、万家美超市,白藤山公园、白藤湖度假村、鳄鱼岛、御温泉、金湾高尔夫,3.0元/㎡,时代物业,2145
珠海市斗门汇业房地产开发商有限公司,交通可乘坐603、601、601B、602、602A、609、504、301、503,白藤湖中学、白藤湖中心小学 幼儿园、颖星幼儿园(白藤三路) 、西江月幼儿园,本项目自带45000平方米，拥有低容积率以及高使用率。项目背靠斗门白藤湖，可足不出户享受一线湖景，西湖度假村，空气清新，环境优美。,隔壁有家和城，大型集中商业，涵盖超市、影院、百货等多种业态，规模逾三万平米，华润万家强势进驻! 小区自带4.5万平商业! 购物就在家门口,白藤山公园、白藤湖度假村、鳄鱼岛、御温泉、金湾高尔夫,3.0元/㎡,珠海怡家园,1312
金地集团,公交站304路、306路、307路、603路；白蕉长途客运站；井岸中心站,田家炳中学、城东中学、成裕围小学 、联厂小学、东和小学、青少年宫、蓓蕾艺术幼儿园；,鳄鱼岛公园、湿地公园、尖峰山公园，黄杨山（有珠江门户第一峰之称，境内海拔581米）、黄杨河岸公园、金台寺、御温泉度假村,自身配套商业街、东湖市场、白藤湖市场 、井岸步行街、丽湖名居商业广场、粤港家私城、桥东家私城、金山市场、斗门装饰建材城、华联汽车城,乡村俱乐部、白藤湖、灯笼纱水上婚嫁是非物质文化保护遗产超六星级会所,2.8元/㎡,金地物业,64
中国铁建,斗门西进首站，多维立体交通，瞬达全市，香海路一瞬香洲，湖心路、珠海大道快速通达全市，江珠高速、京珠高速、广珠城轨轻松实现珠三角便捷生活。,乐思幼儿园，齐正小学，城南学校、红旗中学，珠海城职学院，珠海艺术学院，广东科干学院,市西进首站，金湾立交多维立体交通，瞬达全市！地处西部中心城区A片区核心，定位珠海西部主城区！24万㎡高品质生态人居社区，5000㎡特色商业步行街，比邻10万㎡家和城广场商业综合体，一站式醇熟配套！齐正小学、城南学校、红旗医院、西部医疗中心等教育、医疗齐全！,比邻10万㎡家和城广场商业综合体，一站式醇熟配套,中影佰纳影院、金湾高尔夫、鳄鱼岛酒吧街、飞沙滩、御温泉度假村、斗门古街等,3.0元/㎡,中铁建物业,1456
珠海市美地房地产开发有限公司,406 路    407路    501 路,井岸南湾幼儿园、东风小学、井岸第一小学、斗门第四中学，教育无忧,御温泉度假区，金台寺，鳄鱼岛，斗门古街，黄杨山环绕，大自然氧吧,坐拥大信新都汇商圈成熟配套，北澳市场，锦鸿百货、斗门步行街、白马地下购物城、金龙轩火锅城、孖仔海鲜餐厅,霞山公园，休闲广场，尖峰山公园，步行街，体育馆，西提公园,3.0元/㎡,龙光物业,1347
珠海市富元商业发展有限公司,406 路    407路    501 路,井岸南湾幼儿园、东风小学、井岸第一小学、斗门第四中学,御温泉度假区，金台寺，鳄鱼岛，斗门古街，黄杨山环绕，大自然氧吧,坐拥大信新都汇商圈成熟配套，北澳市场，锦鸿百货、斗门步行街、白马地下购物城、金龙轩火锅城、孖仔海鲜餐厅,霞山公园，休闲广场，尖峰山公园，步行街，体育馆，西提公园,5.0元/㎡,中山康佳物业管理有限公司,1467
江西广银实业集团有限公司,1) 珠峰大道未来直接接驳“香海大桥”往斗门、香洲只需20 分钟，是与珠海大道同为贯穿东西主干道；2) 未来珠海轨道5 号线“珠斗城际” 将设“富山站”、“乾务站（待定），与本案支持之距。3) 项目门口的盛兴二路将往东西延长，东往一公里不到直达镇政府，2 公里直达珠海中学；西过河涌接驳南兴大道往平沙4) 未来项目西向建设连港大道（全互通立交），贯穿珠海大道，通往高栏港附,幼儿园：乾务镇中心幼儿园、童之梦幼儿园、东澳幼儿园小学：斗门区乾务中心小学、珠海新徽实验学校中学：乾务中学、乾雷中学高中：珠海中学（国家级示范性高中）,广银大都会代表的不仅仅是一种普通住宅，而且一种生活方式，一种乾务的人居生活方式，将为 新一代乾务人打造属于自己独特的人居标杆的住宅，从更多的客户体验度出发，无论是小区物业 管理还是社区生活配套上，广银集团都力求做到极致，让您爱上这种独特的生活方式。,西埔：西埔步行街、益万商业步行街（西埔鸡嘴车站旁）、天和百货广场、好又多生活超市、嘉洲时尚广场、东润百货、众客隆百货新青:佳缘广场乾务：金佳美百货、乐多超市、美乐福百货,西埔：八大碗、大碗菜、九玖湘、老牛火锅店乾务：大金美食、粤昌饭店、梦想家西餐厅、乾城私房菜公园 大栋山公园、华发湿地公园、尖峰山公园,3.0元/㎡,广银物业,1468
珠海市万威房地产投资有限公司,坐301、503、504、601、601B、602、602A、609路公交车到万威美地站,康裕幼儿园、西江月幼儿园、城南小学、城南中学、科技学院、吉林大学,万威森林园，位处中国珠海西部中心城内环地段，坐落于珠海大道与湖心路交汇处，珠海大道是贯通珠海东西主城区的主干道，而湖心路则是西部中心城区的中轴大道,新万家福超市、美宜家、华润万家、万家美超市,白藤山公园、白藤湖度假村、鳄鱼岛、御温泉、金湾高尔夫,3.9元/㎡,珠海万威物业管理有限公司,31
珠海市斗门区富星物业发展有限公司,交通：斗门汽车总站，西部沿海高速、广佛江珠轻轨、城市地铁四维立体交通。可乘坐304、306、307、603、520路公交车到白石路口公交站，即到项目附近。, 教育：幼儿园、城东中学，田家炳中学，小区北侧在建片区最大公立小学(城东小学)，共48个班超2000人,交通：斗门汽车总站，西部沿海高速、广佛江珠轻轨、城市地铁四维立体交通。教育：幼儿园、城东中学，田家炳中学，小区北侧200米在建片区最大公立小学(城东小学)，共48个班超2000人， 医疗：妇幼保健院、侨立中医院、遵义五院 景观：黄杨河畔，北枕尖峰山，南邻华发水郡湿地+3大艺术场馆1个文创社区1个生态园,"游泳池——拥有480㎡无边成人泳池，宅间花园区——林荫归家径串联建筑楼宇间的精致花园，提供舒适的散步体验及社区交流空间；童梦童享——分两个儿童活动区：一是分龄儿童活动区，满足0~3,3~6及6岁以上的儿童活动；二是结合地形设计的嬉戏花园及下沉剧场，是相对开阔的儿童玩乐片区。小区内还种植多种名贵植物，例如香樟树，小叶榄仁，丛生杨梅等，其中还包含有深圳、珠海、江门、惠州等市的市花——勒杜鹃。","游泳池——拥有480㎡无边成人泳池，宅间花园区——林荫归家径串联建筑楼宇间的精致花园，提供舒适的散步体验及社区交流空间；童梦童享——分两个儿童活动区：一是分龄儿童活动区，满足0~3,3~6及6岁以上的儿童活动；二是结合地形设计的嬉戏花园及下沉剧场，是相对开阔的儿童玩乐片区。小区内还种植多种名贵植物，例如香樟树，小叶榄仁，丛生杨梅等，其中还包含有深圳、珠海、江门、惠州等市的市花——勒杜鹃。",3.0元/㎡,广东龙光集团物业管理有限公司珠海分公司,98
珠海市斗门商贸联合发展有限公司,白蕉长途汽车站与项目一步之遥，为斗门最大交通枢纽、307到白蕉西浦工业园、304、306到井岸603到市区；西部沿海高速斗门出口距本项目仅1公里，畅享珠三角各城市1-2小时生活圈；香海路通车后，本项目直达香洲只需20分钟,蓓蕾幼儿园、中心小学、城东中学、田家炳中学；,项目为一站式购物商住综合体，自带空中花园泛会所，两万平商业中心，中影集团、大型超市强势进驻，斗门新城市生活地标！距项目5分钟车程，建面10万平斗门最大商业综合体—大信新都汇，大力提升项目区域价值。,区楼下就是两万平商业中心，有影城、嘉荣超市，能满足到业主生活；5分钟内到达井岸中心，大型购物商场——大信新都汇已经开业，附近有大型超市水果摊、金山市场、白蕉中心市场、井岸步行街。, 购物广场：附近有大型超市水果摊、金山市场、白蕉中心市场、井岸步行街 饮食：美食街、附近有各种粤菜湘菜饭店,0.0元/㎡,旭日物业,1463
文华房地产开发有限公司,乘坐306、307路公交车至“白蕉科技园”站，路口转右直走；信禾601、605、609路到“鳄鱼岛”站,幼儿园：白蕉幼儿园中，小学：白藤湖中小学，东湖小学，田家炳中学，白蕉中心小学，大学：珠海市斗门区广播电视大学,医院：井岸医院，白蕉中医院邮局：井岸邮局，白蕉邮局银行：交通、工农建行、农信,商场：光裕超市,其他：井岸体育馆小区内部配套：综合超市,1.2元/㎡,旭日华庭物业管理有限公司,1328
珠海市斗门燕赵房产开发部,"乘坐301,303,401,402,407,415,609路公交到北澳市场站下车",蓝天幼儿园、斗门实验小学、斗门实验中学、斗门二中教育无忧,御温泉度假区，金台寺，斗门古街，黄杨山环绕，大自然氧吧,坐拥大信新都汇商圈成熟配套，北澳市场，锦鸿百货、斗门步行街、白马地下购物城、金龙轩火锅城、孖仔海鲜餐厅,霞山公园，休闲广场，尖峰山公园，步行街，体育馆，西提公园,2.5元/㎡,格力物业管理公司,1325
宁海置业有限公司,小区门口有巴士站直达井岸老城区,蓝海湾幼儿园，宁海幼儿园 （一期十五栋），白蕉中心小学，井岸二中,顺客隆、华润万家，运动场（篮球场、羽毛球场）、大信新都汇，城东农贸市场、斗门现代妇产医院,华润万家、顺客隆等大型百货超市,霞山公园，休闲广场，尖峰山公园，步行街，体育馆，西提公园,1.8元/㎡,格力物业,1352
珠海安益发展有限公司,501    406      602     602a          广佛江珠轻轨延长线，新青站点四通八达交通路网，出项目即可到主干道珠峰大道，机场高速,乾务中心小学中学，新徽实验学校，珠海中学，东澳幼儿园,新青文化体育中心，世荣公园，市民公园，伟创力。,大信新都会。  井岸步行街,新青文化体育中心，世荣公园，市民公园,1.8元/㎡,珠海市康城物业,1237
佳兆业,501.406.602.602a 广佛江珠轻轨延长线，新青站点 四通八达交通路网，出项目即可到主干道珠峰大道，机场高速,乾务中心小学中学，新徽实验学校，珠海中学，东澳幼儿园,新青文化体育中心  世荣公园 ,大信新都会。 井岸步行街,新青文化体育中心,2.5元/㎡,佳兆业,1242
海伦堡地产,乘坐公交304.306.307.520.603均可到达；,临近白蕉三中三小、华发容闳幼儿园；,地处斗门白蕉新城区白蕉大道主干道旁；5大实力品牌开发商聚集开发；,周边华发、万科、金地商业街；自带商业体；招商依云华府未来大型商业综合体,霞山公园、尖峰山公园、博皇大酒店、井岸体育馆、黄杨山4A级风景区；等等,3.0/㎡,珠海市鸿日物业,1192
珠海市万汇房地产开发限公司,在交通上为城市西进焦点，是未来香洲区与西部中心城交通往来的重要枢纽。,博雅中小学,项目处于规划珠海中西部中心城的都市核心区，也是西部城区先启动和重点发展的区域。紧邻白蕉开发区规划中完善的公建配套，居住价值性高。,小区健身设施、泳池、风情商业街、商业广场等一应俱全，自身配套完备优越。,,2.7/㎡,万科物业,1266
华海鹏城,白蕉长途客运站、井岸中心站，公交304路、307路、306路、603路、520路,田家炳中学、城东中学、成裕围小学、嘉顿幼儿园、珠海东华学校,行政中心西移，带动珠海西部的经济发展和城市化；斗门全域规划，谋局西区；立体交通，黄金60分钟生活圈；西城发展中轴，高瞻未来；经济质量效益跃上新台阶，综合实力显著增强,万科魅力之城商业街、丽湖名居商业广场、博皇国际家居建材采购中心,斗门拟投资300亿元全线升级市政配套，黄杨河“一河两岸”综合开发、富山和新青的产城融合以及加速推进白藤、白蕉、尖峰南三大组团建设，将尖峰南—白藤打造成三江六岸核心风貌和形象展示区、综合商业、商务办公和高品质居住聚集地。“一河两园三组团风貌特色镇”的生态新城格局凸显迷人魅力，建设珠江西岸先进装备制造业示范基地、粤港澳休闲旅游目的地、滨江田园生态新城，打造提质增效新引擎、转型升级新动能、美丽宜居新家园,0.0/㎡,20年内无需缴纳,1215
广拓置业,826-2路、812路、k30、Z142路等,平沙实验学校（省一级学校）平沙一中（省一级学校）.华丰小学.汇华四季小学，平沙中心小学，华丰幼儿园.恒丰幼儿园,亚洲风情园林，公园住宅范本，兼收园景河景，万科物业加持，八大商圈环伺，15年全龄段一站式教育全覆盖，咫尺珠海市第五人民医院,"京华MALL,京华家和花园商业街，时代港商荟，台湾风情街，平沙九号商业街，海泉华庭商业街，钰海国际广场，文德广场",海泉湾度假区，南国游艇俱乐部，平沙影视城， 荷包岛，飞沙滩，孖髻山公园，台创园,3.0元/㎡,万科,2268
广拓置业,京华假日湾公交站（826-2路、812路、k30、Z142路等）,15年学区教育：珠海一中平沙校区（国家示范性高中）、平沙第一中学（市一级学校）、平沙实验小学（省一级学校）、平沙中心幼儿园（市一级幼儿园）等幼、小、初、高全龄化学校近在咫尺,高栏港区后花园，政府重视，发展快，经济辐射大；紧邻平沙主线路升平大道，坐拥平沙繁华中心,"京华MALL,时代港商荟，台湾风情街，钰海国际广场，文德广场",海泉湾度假区，南国游艇俱乐部，平沙影视城，台湾风情街，荷包岛，飞沙滩，孖髻山公园，台创园,2.7元/㎡,金地,1203
珠海汇华星城置业有限公司,项目位置紧邻高栏港高速，往西则与西部沿海高速和黄茅海大桥对接，可通达珠三角各地，与珠三角地区形成1小时经济圈；往南可接驳珠海大道，经珠海大道可与港珠澳大桥西沿线相接，可快速通达珠海市区及港澳,平沙新城教育配套规划有3所小学、3所中学（初中）。项目南侧就是平沙新城学校，学校总用地面积约3.7万㎡，建筑面积约3万㎡，预计设置36个班（公办学位），九年一贯制，2022年9月即可建成使用，真正意义上的教育就在家门口。,高栏港平沙新城是港产城融合标杆，拥有9大产业集中群，49条航线和5大码头，真正意义上的港珠澳价格洼地，下一个宜居新城和产业投资热点,平沙镇的文德广场、钰海国际广场，填补了高栏港区商业的空白。在项目旁边的邻里中心，用地面积约2.5万㎡，未来也可满足业主的生活需求，预计2020年上半年开工建设，2021年建成。,平沙镇的文德广场、钰海国际广场，填补了高栏港区商业的空白。在项目旁边的邻里中心，用地面积约2.5万㎡，未来也可满足业主的生活需求，预计2020年上半年开工建设，2021年建成。,2.9元/㎡,华发物业,2187
珠海汇华置业,依托6高速、5大桥、3地铁、2通道、1机场，多维立体交通构建交通路网，快速通达珠海各处，打造粤港澳大湾区1小时生活圈。,项目自带小学配套(南水中心小学），多所学府环伺，约3km范围内配套5所幼儿园、3所小学、1所中学等优质教育资源、高质量教学水平的全龄段成才环境。,项目附近坐落多所优质医院，五分钟车程即达高栏港医院，三十分钟即达广东省人民医院，医疗配套完善，呵护健康，幸福生活。,自带约9000㎡商业街，下楼即享便捷生活商业配套。周边配套3大商业中心、4大人文中心，商圈配套醇熟，提供全方位的优质生活。,区域内景观资源丰富，6分钟车程到达南水森林公园，30分钟内直达珠海4大旅游地标，轻松畅游，回归生态大自然。小区园整个园林规划为一轴四区一公园。打造休闲运动娱乐于一体的全功能社区。一轴：主题归家轴线；四区：入口景观区、室外会客洽谈区、社区活动聚会区、儿童活动区；公园：项目自建生态公园。,3.0元/㎡,汇华物业,2247
珠海高盛房地产开发公司,项目以南经珠海大道与港珠澳大桥西沿线相连，可快速通达港澳。项目周边西部沿海高速、高栏港高速等与黄茅海大桥对接，可通达珠三角各地，与广东省其他城市形成1小时经济圈。608路：拱北～海泉湾    812路：珠海港～平沙    204路：海虹总站～平沙    K7路：吉大～平沙       826-2：海泉湾-吉大，,项目西侧紧邻平沙中心幼儿园（市一级幼儿园）、平沙实验小学（省一级学校），项目北侧珠海一中平沙校区（国家示范性高中），项目南侧300米平沙一中（初中，市一级学校），项目东侧300米华丰小学。,优质高中、初中、小学、幼儿园等环伺项目左右，周边有医院、市场、酒店，大型商业和特色商街，旅游度假资源环绕，品山、观海、享温泉，居家就像度假！,项目东侧紧邻钰海万国汇购物中心建筑3万㎡分为地上四层地下一层，包含国际影城，超市电影院等。文德广场商业中心包含独立商业，农贸市场，餐饮等商业综合体。两大商圈环绕,海泉湾度假区，南国游艇俱乐部，平沙影视城， 荷包岛，飞沙滩，孖髻山公园，台创园,2.8元/㎡,珠海高盛物业管理有限公司,2293
珠海市豪浚房地产开发有限公司, 30 分钟速达区：依托鹤港?速、珠海大道、平东大道等城市大道，20 分钟瞬达机场，30 分钟速抵市区及横琴； 2 60 分钟直抵港澳：?茂海?桥建成后将与港珠澳?桥?延线（洪鹤大桥和鹤洲高栏港高速公路）对接，快速接 驳香港、澳门，60 分钟直抵港澳； 3 90 分钟江佛?深：高栏港高速连通西部沿海高速，快速通往江门、佛山、广州等核心城市。未来随着深中通道、 深珠通道、黄茅海大桥的开通，将便捷往,优质学府，且项?为平沙新城学校学区房，周边覆盖 12 班幼?园、2 所学校、4 所?学、3 所中学,平沙新城少有的?城社区，29 万㎡纯粹亲海住区，配备中央泳池、全龄段休闲活动中?、绿氧双跑道、 ?情园林，创享 18 般海艺?活；,邻里中心，华发商都等生活活配套,2.07 平方公里平沙生态湿地公园、43 万平公里温泉公园、17 公里沿海景观带、13 座景观拱桥、生态景 观河道围绕；邻里中心，华发商都等生活配套，未来可满足业主的生活、商业需求,3.0元/㎡,天誉物业,2053
格力房产,公车204路、501路、502路、608路、K7路、K8路在平沙邮局站下。,幼儿园：时代幼儿园中小学：华丰小学，实验小学,,华润万家,,2.8元/㎡,格力物业,49
三一（珠海）置业有限公司,项目位置紧邻高栏港高速，往西则与西部沿海高速和黄茅海大桥对接，可通达珠三角各地，与珠三角地区形成1小时经济圈；往南可接驳珠海大道，经珠海大道可与港珠澳大桥西沿线相接，可快速通达珠海市区及港澳,平沙新城教育配套规划有3所小学、3所中学（初中）。我们项目南侧就是平沙新城学校，学校总用地面积约3.7万㎡，建筑面积约3万㎡，预计设置36个班（公办学位），九年一贯制，明年9月即可建成使用，真正意义上的教育就在家门口。,高栏港平沙新城是港产城融合标杆，拥有9大产业集中群，49条航线和5大码头，真正意义上的港珠澳价格洼地，下一个宜居新城和产业投资热点,平沙镇的文德广场、钰海国际广场，填补了高栏港区商业的空白。在项目旁边的邻里中心，用地面积约2.5万㎡，未来也可满足业主的生活需求,平沙镇的文德广场、钰海国际广场，填补了高栏港区商业的空白。在项目旁边的邻里中心，用地面积约2.5万㎡，未来也可满足业主的生活需求,3.0元/㎡,竹胜园物业,2226
珠海保联房产有限公司,501路：井岸——平沙；502路：井岸——南水；；709路：平沙邮局——南邮一队；K7路：吉大总站——平沙 ；608路： 城轨珠海站——海泉湾；K30路：平沙邮局——珠海港；540路：湖心路口总站——平沙；Z143路：平沙——海泉湾,华丰小学、实验小学（省一级）、平沙一中、珠海一中平沙校区、第一中心幼儿园、第二中心幼儿园,项目紧扼平沙城区中心，教育医疗商业面面俱到，轻松打造便捷生活区。生活配套方面我们项目东北面就是高端餐饮代表台湾风情街，步行可直达目前港区最大物品最全的美平市场，超市有得一超市、和大福超市，招待贵宾还有五星级酒店——爱琴海酒店，电影院和肯德基将陆续开业。教育配套一应俱全，平沙中心幼儿园，实验小学，平沙第二中心小学，珠海一中平沙分校，医疗配套有珠海市第五人民医院，休闲旅游有海泉湾度假区,得一超市、和大福百货、,海泉湾温泉度假村、文楼山公园、台创园、阿米高电影院,2.8元/㎡,格力物业,1313
珠海市宝详房地产开发有限公司,华府骏景项目位于高栏港南水镇。南侧紧邻“上金龙”公交车站中山：广澳高速横琴出口__珠海大道__湖心路口__珠海大道西__南港路（南水镇）__华府骏景珠海：珠海大道__湖心路口__珠海大道西__南港路（南水镇）__华府骏景广、深：G4（京珠高速）__广澳高速横琴出口__珠海大道__湖心路口__珠海大道西__南港路（南水镇）__华府骏景公交车：途经的公交车有。公交线路	起止,金洲小学，李兆南小学，南水中学,南侧南港路；东侧文化广场、南水商业区、南水市场、高栏港医院、镇内住宅区；北面文化教育用地规划区，规划有口岸生活区、公园等。南侧南港路；东侧为市政规划道路，珠海大道离项目300米距离。,南水市场、南水商业街、农贸市场、永和百货、生鑫粮油百货等 ,项目地址：珠海市高栏港经济区南港路328号,1.6/㎡,宝详物业管理有限公,37